"FilePath","Keywords","FileName"
"D:\Claude\wyt知识库\02-Areas\判例库\01-重疾险\01-未如实告知拒赔\判例\(2025)冀09民终4719号-未如实告知拒赔-维持原判.md","重疾险、未如实告知、脑中风后遗症、哮喘、提示说明义务","(2025)冀09民终4719号-未如实告知拒赔-维持原判"
"D:\Claude\wyt知识库\02-Areas\判例库\01-重疾险\01-未如实告知拒赔\判例\(2025)浙0402民初14539号-未如实告知拒赔-支持赔付.md","重疾险、未如实告知、互联网投保、甲状腺癌、强制阅读时间、续保","(2025)浙0402民初14539号-未如实告知拒赔-支持赔付"
"D:\Claude\wyt知识库\02-Areas\判例库\01-重疾险\01-未如实告知拒赔\判例\(2025)鄂07民终1265号-未如实告知拒赔-改判支持.md","重疾险、未如实告知、概括性询问、胃恶性肿瘤、甲状腺手术史、因果关系","(2025)鄂07民终1265号-未如实告知拒赔-改判支持"
"D:\Claude\wyt知识库\02-Areas\判例库\01-重疾险\01-未如实告知拒赔\判例\2020-川01民终3351-未如实告知拒赔-败诉.md","未如实告知 多份投保 重疾险 同业投保 最大诚信原则","2020-川01民终3351-未如实告知拒赔-败诉"
"D:\Claude\wyt知识库\02-Areas\判例库\01-重疾险\01-未如实告知拒赔\判例\2023-津01民终7819-未如实告知拒赔-败诉.md","如实告知义务 主观故意 解除权 保险从业人员 甲状腺结节 同业投保","2023-津01民终7819-未如实告知拒赔-败诉"
"D:\Claude\wyt知识库\02-Areas\判例库\01-重疾险\01-未如实告知拒赔\判例\2023-粤19民终11884-未如实告知拒赔-败诉.md","未如实告知, 健康告知, 体检异常, 故意隐瞒, 线上投保, 解除合同","2023-粤19民终11884-未如实告知拒赔-败诉"
"D:\Claude\wyt知识库\02-Areas\判例库\01-重疾险\01-未如实告知拒赔\判例\2025-冀09民终4719-未如实告知拒赔-二审维持.md","未如实告知拒赔、脑中风后遗症、支气管哮喘、重大疾病、匿名案件","2025-冀09民终4719-未如实告知拒赔-二审维持"
"D:\Claude\wyt知识库\02-Areas\判例库\01-重疾险\01-未如实告知拒赔\判例\2025-浙0402民初14539-未如实告知拒赔-一审.md","未如实告知拒赔、甲状腺结节、甲状腺微小乳头状癌、线上投保、健康告知、匿名案件","2025-浙0402民初14539-未如实告知拒赔-一审"
"D:\Claude\wyt知识库\02-Areas\判例库\01-重疾险\01-未如实告知拒赔\判例\2025-鄂07民终1265-未如实告知拒赔-二审改判.md","未如实告知拒赔、恶性肿瘤、甲状腺肿瘤手术史、慢性浅表性胃炎、概括性询问、健康问卷、匿名案件","2025-鄂07民终1265-未如实告知拒赔-二审改判"
"D:\Claude\wyt知识库\02-Areas\判例库\01-重疾险\01-未如实告知拒赔\判例\2026-二审法院-人保健康高血压未告知-胜诉.md","高血压 健康告知 强制阅读 弹窗提示 如实告知义务 互联网投保","2026-二审法院-人保健康高血压未告知-胜诉"
"D:\Claude\wyt知识库\02-Areas\判例库\01-重疾险\01-未如实告知拒赔\判例\2026-信阳浉河区法院-未如实告知拒赔-胜诉.md","腔隙性脑梗塞 病历真实性 因果关系 免责条款说明义务 白血病","2026-信阳浉河区法院-未如实告知拒赔-胜诉"
"D:\Claude\wyt知识库\02-Areas\判例库\01-重疾险\01-未如实告知拒赔\判例\2026-北京海淀法院-肺结节未如实告知-胜诉.md","肺结节 磨玻璃结节 未如实告知 健康告知 进一步检查 定期复查 询问告知","2026-北京海淀法院-肺结节未如实告知-胜诉"
"D:\Claude\wyt知识库\02-Areas\判例库\01-重疾险\01-未如实告知拒赔\判例\2026-满洲里市法院-肾炎未告知乳腺恶性肿瘤-未如实告知拒赔-胜诉.md","未如实告知 肾炎 乳腺恶性肿瘤 因果关系 已治愈 不同脏器 承保决策","2026-满洲里市法院-肾炎未告知乳腺恶性肿瘤-未如实告知拒赔-胜诉"
"D:\Claude\wyt知识库\02-Areas\判例库\01-重疾险\01-未如实告知拒赔\判例\乙肝未告知与胰腺炎无因果关系胜诉案.md","因果关系 未如实告知 乙肝 胰腺炎 重大过失 解除合同 保险金支付","乙肝未告知与胰腺炎无因果关系胜诉案"
"D:\Claude\wyt知识库\02-Areas\判例库\01-重疾险\01-未如实告知拒赔\判例\刘某两年不可抗辩条款肾病史案.md","两年不可抗辩 起算 保险事故发生日 确诊日 申请日 终末期肾病","刘某两年不可抗辩条款肾病史案"
"D:\Claude\wyt知识库\02-Areas\判例库\01-重疾险\01-未如实告知拒赔\判例\孟某两年不可抗辩颅内占位案.md","两年不可抗辩 颅内占位 合同成立 解除合同 投保人 保费缴纳","孟某两年不可抗辩颅内占位案"
"D:\Claude\wyt知识库\02-Areas\判例库\01-重疾险\01-未如实告知拒赔\判例\待确认-上海浦东梁女士-未如实告知拒赔-胜诉.md","未如实告知 兜底提问 主诉 重疾险 网络投保 腺样囊性癌","待确认-上海浦东梁女士-未如实告知拒赔-胜诉"
"D:\Claude\wyt知识库\02-Areas\判例库\01-重疾险\01-未如实告知拒赔\判例\徐某糖尿病高血压未如实告知案.md","如实告知 故意 糖尿病 高血压 慢性病 认知程度 询问义务","徐某糖尿病高血压未如实告知案"
"D:\Claude\wyt知识库\02-Areas\判例库\01-重疾险\01-未如实告知拒赔\判例\批量未告知案例1.md","未如实告知 因果关系 询问义务 三年不抗辩 举证责任","批量未告知案例1"
"D:\Claude\wyt知识库\02-Areas\判例库\01-重疾险\01-未如实告知拒赔\判例\批量未告知案例10.md","未如实告知 因果关系 询问义务 三年不抗辩 举证责任","批量未告知案例10"
"D:\Claude\wyt知识库\02-Areas\判例库\01-重疾险\01-未如实告知拒赔\判例\批量未告知案例11.md","未如实告知 因果关系 询问义务 三年不抗辩 举证责任","批量未告知案例11"
"D:\Claude\wyt知识库\02-Areas\判例库\01-重疾险\01-未如实告知拒赔\判例\批量未告知案例12.md","未如实告知 因果关系 询问义务 三年不抗辩 举证责任","批量未告知案例12"
"D:\Claude\wyt知识库\02-Areas\判例库\01-重疾险\01-未如实告知拒赔\判例\批量未告知案例2.md","未如实告知 因果关系 询问义务 三年不抗辩 举证责任","批量未告知案例2"
"D:\Claude\wyt知识库\02-Areas\判例库\01-重疾险\01-未如实告知拒赔\判例\批量未告知案例3.md","未如实告知 因果关系 询问义务 三年不抗辩 举证责任","批量未告知案例3"
"D:\Claude\wyt知识库\02-Areas\判例库\01-重疾险\01-未如实告知拒赔\判例\批量未告知案例4.md","未如实告知 因果关系 询问义务 三年不抗辩 举证责任","批量未告知案例4"
"D:\Claude\wyt知识库\02-Areas\判例库\01-重疾险\01-未如实告知拒赔\判例\批量未告知案例5.md","未如实告知 因果关系 询问义务 三年不抗辩 举证责任","批量未告知案例5"
"D:\Claude\wyt知识库\02-Areas\判例库\01-重疾险\01-未如实告知拒赔\判例\批量未告知案例6.md","未如实告知 因果关系 询问义务 三年不抗辩 举证责任","批量未告知案例6"
"D:\Claude\wyt知识库\02-Areas\判例库\01-重疾险\01-未如实告知拒赔\判例\批量未告知案例7.md","未如实告知 因果关系 询问义务 三年不抗辩 举证责任","批量未告知案例7"
"D:\Claude\wyt知识库\02-Areas\判例库\01-重疾险\01-未如实告知拒赔\判例\批量未告知案例8.md","未如实告知 因果关系 询问义务 三年不抗辩 举证责任","批量未告知案例8"
"D:\Claude\wyt知识库\02-Areas\判例库\01-重疾险\01-未如实告知拒赔\判例\批量未告知案例9.md","未如实告知 因果关系 询问义务 三年不抗辩 举证责任","批量未告知案例9"
"D:\Claude\wyt知识库\02-Areas\判例库\01-重疾险\01-未如实告知拒赔\判例\抑郁状态未告知概括性条款案.md","概括性条款 精神疾病 抑郁 等待期 解除合同","抑郁状态未告知概括性条款案"
"D:\Claude\wyt知识库\02-Areas\判例库\01-重疾险\01-未如实告知拒赔\判例\杜氏肌营养不良症未告知发育迟缓胜诉案.md","杜氏肌营养不良 发育迟缓 未如实告知 举证不足 全额赔付","杜氏肌营养不良症未告知发育迟缓胜诉案"
"D:\Claude\wyt知识库\02-Areas\判例库\01-重疾险\01-未如实告知拒赔\判例\沈某乳腺增生过失未告知案.md","如实告知 故意 过失 乳腺增生 关联性 因果关系 核保标准","沈某乳腺增生过失未告知案"
"D:\Claude\wyt知识库\02-Areas\判例库\01-重疾险\01-未如实告知拒赔\判例\胰腺炎未告知椎间盘突出胜诉案.md","未如实告知 询问范围 概括性条款 诚实信用原则 胰腺炎","胰腺炎未告知椎间盘突出胜诉案"
"D:\Claude\wyt知识库\02-Areas\判例库\01-重疾险\01-未如实告知拒赔\判例\钟某甲状腺结节未如实告知案.md","概括性条款 甲状腺结节 体检异常 询问告知 电子投保 有限告知","钟某甲状腺结节未如实告知案"
"D:\Claude\wyt知识库\02-Areas\判例库\01-重疾险\01-未如实告知拒赔\判例\黄某团体险其他疾病概括性条款案.md","概括性条款 其他疾病 团体保险 脂肪肝 兜底条款 司法解释二第6条","黄某团体险其他疾病概括性条款案"
"D:\Claude\wyt知识库\02-Areas\判例库\01-重疾险\01-未如实告知拒赔\判例\齐某医保卡外借购药记录案.md","医保卡外借 购药记录 诊断证明 体检报告 自证清白 举证责任","齐某医保卡外借购药记录案"
"D:\Claude\wyt知识库\02-Areas\判例库\01-重疾险\02-等待期出险争议\判例\(2025)豫17民终4192号-等待期出险争议-驳回上诉维持原判.md","等待期, 团体重疾险, 提示说明义务, 格式条款效力, 匿名案件","(2025)豫17民终4192号-等待期出险争议-驳回上诉维持原判"
"D:\Claude\wyt知识库\02-Areas\判例库\01-重疾险\02-等待期出险争议\判例\2020-京02民终7960-等待期出险争议-胜诉.md","等待期 初次发生 隐性免责条款 提示说明义务 重疾险 格式条款","2020-京02民终7960-等待期出险争议-胜诉"
"D:\Claude\wyt知识库\02-Areas\判例库\01-重疾险\02-等待期出险争议\判例\2025-河北省石家庄法院-等待期出险争议-胜诉.md","等待期 脑胶质瘤 头痛 症状特异性 确诊时间 重疾险","2025-河北省石家庄法院-等待期出险争议-胜诉"
"D:\Claude\wyt知识库\02-Areas\判例库\01-重疾险\02-等待期出险争议\判例\2025-豫14民终4473-等待期出险争议-胜诉.md","重疾险 等待期 免责条款 明确说明义务 诉讼时效 人寿保险","2025-豫14民终4473-等待期出险争议-胜诉"
"D:\Claude\wyt知识库\02-Areas\判例库\01-重疾险\02-等待期出险争议\判例\2025-豫17民终4192-等待期出险争议-败诉.md","等待期 团体重疾险 投保人专业机构 格式条款效力 白血病","2025-豫17民终4192-等待期出险争议-败诉"
"D:\Claude\wyt知识库\02-Areas\判例库\01-重疾险\02-等待期出险争议\判例\周互联网重疾险等待期出险判赔案.md","互联网投保 等待期 强制阅读 既往病史 询问义务 举证责任","周互联网重疾险等待期出险判赔案"
"D:\Claude\wyt知识库\02-Areas\判例库\01-重疾险\02-等待期出险争议\判例\王某等待期出险白血病理赔案.md","等待期 发病 确诊 白血病 症状体征 负面清单 银保监会 不利解释原则","王某等待期出险白血病理赔案"
"D:\Claude\wyt知识库\02-Areas\判例库\01-重疾险\02-等待期出险争议\判例\等待期就诊后确诊调解获赔案.md","等待期 就诊 疑似 确诊 病理报告 调解","等待期就诊后确诊调解获赔案"
"D:\Claude\wyt知识库\02-Areas\判例库\01-重疾险\02-等待期出险争议\判例\陈某等待期检查未确诊理赔案.md","等待期 就诊 确诊 甲状腺 检查 不利解释原则 保险法第30条","陈某等待期检查未确诊理赔案"
"D:\Claude\wyt知识库\02-Areas\判例库\01-重疾险\02-等待期出险争议\判例\马某某等待期内疑似诊断后确诊案.md","等待期 确诊时间 疑似诊断 仅供临床参考 举证责任 横纹肌肉瘤 病理报告","马某某等待期内疑似诊断后确诊案"
"D:\Claude\wyt知识库\02-Areas\判例库\01-重疾险\03-重疾定义争议\判例\(2025)豫1402民初10214号-重疾定义争议-保险公司履行豁免保费义务.md","甲状腺癌, 轻度疾病, 豁免保费, 组织病理学, 既判力, 匿名案件","(2025)豫1402民初10214号-重疾定义争议-保险公司履行豁免保费义务"
"D:\Claude\wyt知识库\02-Areas\判例库\01-重疾险\03-重疾定义争议\判例\(2025)黑01民终6014号-重疾定义争议-驳回上诉维持原判.md","交界性肿瘤, 恶性肿瘤定义, 格式条款, 不利解释原则, ICD-10, 匿名案件","(2025)黑01民终6014号-重疾定义争议-驳回上诉维持原判"
"D:\Claude\wyt知识库\02-Areas\判例库\01-重疾险\03-重疾定义争议\判例\2020版重疾定义神经内分泌瘤争议案.md","神经内分泌瘤 NET ICD-O-3 恶性肿瘤 轻度恶性肿瘤 重疾定义 2020版","2020版重疾定义神经内分泌瘤争议案"
"D:\Claude\wyt知识库\02-Areas\判例库\01-重疾险\03-重疾定义争议\判例\2024-冀8601民初890-重疾定义争议-败诉.md","重疾险 重疾定义争议 原位癌 CINII ICD-10 轻症重疾 败诉","2024-冀8601民初890-重疾定义争议-败诉"
"D:\Claude\wyt知识库\02-Areas\判例库\01-重疾险\03-重疾定义争议\判例\2024-北京西城区法院-肝豆状核变性肝脏活检拒赔-胜诉.md","肝豆状核变性 角膜色素环 KF环 肝脏活检 四项条件 二次限定 确诊方式 健康保险管理办法","2024-北京西城区法院-肝豆状核变性肝脏活检拒赔-胜诉"
"D:\Claude\wyt知识库\02-Areas\判例库\01-重疾险\03-重疾定义争议\判例\2024-安徽广德-重疾定义争议-胜诉.md","重疾定义争议 冠脉支架 开胸搭桥 格式条款 不利解释原则 二审维持","2024-安徽广德-重疾定义争议-胜诉"
"D:\Claude\wyt知识库\02-Areas\判例库\01-重疾险\03-重疾定义争议\判例\2024-岳阳岳阳县法院-肝豆状核变性轻症拒赔-胜诉.md","肝豆状核变性 轻症阶段 释义限缩 格式条款 提示说明义务 不利解释 人保寿险","2024-岳阳岳阳县法院-肝豆状核变性轻症拒赔-胜诉"
"D:\Claude\wyt知识库\02-Areas\判例库\01-重疾险\03-重疾定义争议\判例\2025-冀01民终68-重疾定义争议-二审改判胜诉.md","ICD-10 ICD-11 原位癌 CIN II级 轻症重疾 疾病定义争议","2025-冀01民终68-重疾定义争议-二审改判胜诉"
"D:\Claude\wyt知识库\02-Areas\判例库\01-重疾险\03-重疾定义争议\判例\2025-冀0433民初2650-重疾定义争议-胜诉.md","重疾险 重疾定义争议 轻症疾病 冠状动脉支架 搭桥手术 格式条款 明确说明义务 治疗方式限制","2025-冀0433民初2650-重疾定义争议-胜诉"
"D:\Claude\wyt知识库\02-Areas\判例库\01-重疾险\03-重疾定义争议\判例\2025-冀8601民初902-其他争议-调解.md","豁免保费 调解 重大疾病 理赔后续 多倍保障","2025-冀8601民初902-其他争议-调解"
"D:\Claude\wyt知识库\02-Areas\判例库\01-重疾险\03-重疾定义争议\判例\2025-内0522民初5520-重疾定义争议-一审.md","System.Object[]","2025-内0522民初5520-重疾定义争议-一审"
"D:\Claude\wyt知识库\02-Areas\判例库\01-重疾险\03-重疾定义争议\判例\2025-北京朝阳法院-重疾定义争议-胜诉.md","I型糖尿病 酮症酸中毒 重疾定义 附加赔付条件 格式条款 隐性免责","2025-北京朝阳法院-重疾定义争议-胜诉"
"D:\Claude\wyt知识库\02-Areas\判例库\01-重疾险\03-重疾定义争议\判例\2025-天津-重疾定义争议-胜诉.md","重疾定义争议 不稳定型心绞痛 冠脉支架 急性冠脉综合征 有利解释 保障目的","2025-天津-重疾定义争议-胜诉"
"D:\Claude\wyt知识库\02-Areas\判例库\01-重疾险\03-重疾定义争议\判例\2025-成都锦江重庆渝中-重疾诊断标准争议-胜诉.md","重疾定义 诊断标准 不利解释 健康保险 重疾险","2025-成都锦江重庆渝中-重疾诊断标准争议-胜诉"
"D:\Claude\wyt知识库\02-Areas\判例库\01-重疾险\03-重疾定义争议\判例\2025-柳州城中区法院-重疾定义争议-胜诉.md","爆发性心肌炎 多器官功能障碍 重疾定义 限缩条件 隐性免责 格式条款","2025-柳州城中区法院-重疾定义争议-胜诉"
"D:\Claude\wyt知识库\02-Areas\判例库\01-重疾险\03-重疾定义争议\判例\2025-湘04民终2619-重疾定义争议-胜诉.md","重疾险 重疾定义争议 恶性肿瘤 交界性肿瘤 骨巨细胞瘤 格式条款 不利解释原则","2025-湘04民终2619-重疾定义争议-胜诉"
"D:\Claude\wyt知识库\02-Areas\判例库\01-重疾险\03-重疾定义争议\判例\2025-潍坊天安人寿-重疾定义争议-胜诉.md","重疾定义争议 冠脉支架 微创搭桥 治疗方式 健康保险管理办法第22条 第23条 天安人寿","2025-潍坊天安人寿-重疾定义争议-胜诉"
"D:\Claude\wyt知识库\02-Areas\判例库\01-重疾险\03-重疾定义争议\判例\2025-豫1025民初5141-重疾定义争议-一审.md","重疾定义争议、康宁终身保险、身体高度残疾、脑血栓后遗症、二级伤残、匿名案件","2025-豫1025民初5141-重疾定义争议-一审"
"D:\Claude\wyt知识库\02-Areas\判例库\01-重疾险\03-重疾定义争议\判例\2025-豫1402民初10214-重疾定义争议-胜诉.md","甲状腺癌 轻症豁免 既判力 重疾定义 保费豁免","2025-豫1402民初10214-重疾定义争议-胜诉"
"D:\Claude\wyt知识库\02-Areas\判例库\01-重疾险\03-重疾定义争议\判例\2025-辽宁锦州凌河区法院-深度昏迷认定争议-胜诉.md","深度昏迷 格拉斯哥昏迷评分 重疾定义限缩 格式条款 提示说明义务 镇静状态","2025-辽宁锦州凌河区法院-深度昏迷认定争议-胜诉"
"D:\Claude\wyt知识库\02-Areas\判例库\01-重疾险\03-重疾定义争议\判例\2025-鲁1402民初5401-重疾定义争议-胜诉.md","重疾险 重疾定义争议 恶性肿瘤 非浸润性癌 膀胱癌 免责条款 明确说明义务","2025-鲁1402民初5401-重疾定义争议-胜诉"
"D:\Claude\wyt知识库\02-Areas\判例库\01-重疾险\03-重疾定义争议\判例\2025-黑01民终6014-重疾定义争议-胜诉.md","交界性肿瘤 恶性肿瘤 重疾定义 格式条款 有利解释 卵巢癌","2025-黑01民终6014-重疾定义争议-胜诉"
"D:\Claude\wyt知识库\02-Areas\判例库\01-重疾险\03-重疾定义争议\判例\2026-北京通州金融法院-DMD基因检测确诊-胜诉.md","杜氏肌营养不良症 DMD 基因检测 肌肉活检 健康保险管理办法第23条 诊断标准 罕见病 无创检测 医学进步","2026-北京通州金融法院-DMD基因检测确诊-胜诉"
"D:\Claude\wyt知识库\02-Areas\判例库\01-重疾险\03-重疾定义争议\判例\CIN3级宫颈原位癌认定案.md","CIN3 宫颈上皮内瘤变 原位癌 ICD-O-3 高级别鳞状上皮病变 HSIL 8077-2 轻症","CIN3级宫颈原位癌认定案"
"D:\Claude\wyt知识库\02-Areas\判例库\01-重疾险\03-重疾定义争议\判例\交界性甲状腺肿瘤合理期待胜诉案.md","交界性肿瘤 甲状腺 合理期待 恶性肿瘤 不利解释","交界性甲状腺肿瘤合理期待胜诉案"
"D:\Claude\wyt知识库\02-Areas\判例库\01-重疾险\03-重疾定义争议\判例\唐某一型糖尿病并发症条件争议案.md","一型糖尿病 并发症条件 免责条款 格式条款 无效条款 健康保险管理办法第23条","唐某一型糖尿病并发症条件争议案"
"D:\Claude\wyt知识库\02-Areas\判例库\01-重疾险\03-重疾定义争议\判例\急性肝衰竭凝血指标争议胜诉案.md","急性肝衰竭 凝血酶原活动度 重疾标准 单一指标 生命威胁","急性肝衰竭凝血指标争议胜诉案"
"D:\Claude\wyt知识库\02-Areas\判例库\01-重疾险\03-重疾定义争议\判例\爆发性心肌炎不符合心功能四级胜诉案.md","爆发性心肌炎 心功能四级 ECMO 重疾定义 医学发展","爆发性心肌炎不符合心功能四级胜诉案"
"D:\Claude\wyt知识库\02-Areas\判例库\01-重疾险\03-重疾定义争议\判例\陈某肝豆状核变性诊断方式争议案.md","肝豆状核变性 角膜色素环 KF环 肝脏活检 基因检测 治疗方式选择权 健康保险管理办法第22条","陈某肝豆状核变性诊断方式争议案"
"D:\Claude\wyt知识库\02-Areas\判例库\01-重疾险\03-重疾定义争议\判例\首次患癌仅赔保费隐性免责条款案.md","隐性免责条款 首次确诊 仅赔保费 保额 改判 北京金融法院","首次患癌仅赔保费隐性免责条款案"
"D:\Claude\wyt知识库\02-Areas\判例库\01-重疾险\03-重疾定义争议\判例\黄月月一型糖尿病案.md","一型糖尿病 胰岛素依赖型 诊断标准 C肽检查 二级甲等医院 专科医生 持续注射180天","黄月月一型糖尿病案"
"D:\Claude\wyt知识库\02-Areas\判例库\01-重疾险\03-重疾定义争议\判例\鼻部挫裂伤未达面部重建标准胜诉案.md","面部重建 手术方式限定 重疾定义 条款无效","鼻部挫裂伤未达面部重建标准胜诉案"
"D:\Claude\wyt知识库\02-Areas\判例库\01-重疾险\04-格式条款免责争议\判例\2024-冀0130民初647-格式条款免责争议-胜诉.md","先天性畸形 格式条款 提示说明义务 脑动静脉畸形 开颅手术","2024-冀0130民初647-格式条款免责争议-胜诉"
"D:\Claude\wyt知识库\02-Areas\判例库\01-重疾险\04-格式条款免责争议\判例\2025-北京金融法院-格式条款免责争议-胜诉.md","格式条款 隐性免责条款 重疾险 首次患癌仅赔保费 提示说明义务 二审改判","2025-北京金融法院-格式条款免责争议-胜诉"
"D:\Claude\wyt知识库\02-Areas\判例库\01-重疾险\04-格式条款免责争议\判例\2025-广州天河法院-互联网投保格式条款免责-胜诉.md","互联网投保 一年期重疾险 强制阅读 提示说明义务 30日解除期 甲状腺癌 免责条款","2025-广州天河法院-互联网投保格式条款免责-胜诉"
"D:\Claude\wyt知识库\02-Areas\判例库\01-重疾险\04-格式条款免责争议\判例\2026-北京金融法院-肝豆状核变性治疗方式限制无效-胜诉.md","肝豆状核变性 治疗方式限制 保险法第19条 格式条款无效 口服补锌 螯合剂治疗 治疗选择权","2026-北京金融法院-肝豆状核变性治疗方式限制无效-胜诉"
"D:\Claude\wyt知识库\02-Areas\判例库\01-重疾险\04-格式条款免责争议\判例\2026-承德双桥区法院-肺叶切除限定治疗方式-格式条款免责争议-胜诉.md","肺叶切除 单侧肺脏完整切除 豁免保费 限定治疗方式 格式条款无效 保险法第19条 健康保险管理办法第23条","2026-承德双桥区法院-肺叶切除限定治疗方式-格式条款免责争议-胜诉"
"D:\Claude\wyt知识库\02-Areas\判例库\01-重疾险\04-格式条款免责争议\判例\外卖骑手特别约定格式条款无效案.md","特别约定 格式条款 免责条款 提示说明 外卖骑手 保单附件","外卖骑手特别约定格式条款无效案"
"D:\Claude\wyt知识库\02-Areas\判例库\01-重疾险\04-格式条款免责争议\判例\安监证明格式条款无效案.md","安监证明 事故证明 无效格式条款 加重责任 保险法第19条 第22条 建工险","安监证明格式条款无效案"
"D:\Claude\wyt知识库\02-Areas\判例库\01-重疾险\04-格式条款免责争议\判例\定点医院紧急情况条款无效案.md","定点医院 紧急就医 二级甲等 免责条款 司法解释三第20条 急救 就近就医","定点医院紧急情况条款无效案"
"D:\Claude\wyt知识库\02-Areas\判例库\01-重疾险\04-格式条款免责争议\判例\张某主动脉支架限定手术方式案.md","限定手术方式 开胸 覆膜支架 主动脉 免责条款 治疗选择权 医疗技术进步","张某主动脉支架限定手术方式案"
"D:\Claude\wyt知识库\02-Areas\判例库\01-重疾险\04-格式条款免责争议\判例\批量格式条款案例1.md","格式条款 免责条款 提示说明义务 加粗加黑 隐性免责条款","批量格式条款案例1"
"D:\Claude\wyt知识库\02-Areas\判例库\01-重疾险\04-格式条款免责争议\判例\批量格式条款案例10.md","格式条款 免责条款 提示说明义务 加粗加黑 隐性免责条款","批量格式条款案例10"
"D:\Claude\wyt知识库\02-Areas\判例库\01-重疾险\04-格式条款免责争议\判例\批量格式条款案例11.md","格式条款 免责条款 提示说明义务 加粗加黑 隐性免责条款","批量格式条款案例11"
"D:\Claude\wyt知识库\02-Areas\判例库\01-重疾险\04-格式条款免责争议\判例\批量格式条款案例12.md","格式条款 免责条款 提示说明义务 加粗加黑 隐性免责条款","批量格式条款案例12"
"D:\Claude\wyt知识库\02-Areas\判例库\01-重疾险\04-格式条款免责争议\判例\批量格式条款案例13.md","格式条款 免责条款 提示说明义务 加粗加黑 隐性免责条款","批量格式条款案例13"
"D:\Claude\wyt知识库\02-Areas\判例库\01-重疾险\04-格式条款免责争议\判例\批量格式条款案例14.md","格式条款 免责条款 提示说明义务 加粗加黑 隐性免责条款","批量格式条款案例14"
"D:\Claude\wyt知识库\02-Areas\判例库\01-重疾险\04-格式条款免责争议\判例\批量格式条款案例15.md","格式条款 免责条款 提示说明义务 加粗加黑 隐性免责条款","批量格式条款案例15"
"D:\Claude\wyt知识库\02-Areas\判例库\01-重疾险\04-格式条款免责争议\判例\批量格式条款案例16.md","格式条款 免责条款 提示说明义务 加粗加黑 隐性免责条款","批量格式条款案例16"
"D:\Claude\wyt知识库\02-Areas\判例库\01-重疾险\04-格式条款免责争议\判例\批量格式条款案例17.md","格式条款 免责条款 提示说明义务 加粗加黑 隐性免责条款","批量格式条款案例17"
"D:\Claude\wyt知识库\02-Areas\判例库\01-重疾险\04-格式条款免责争议\判例\批量格式条款案例18.md","格式条款 免责条款 提示说明义务 加粗加黑 隐性免责条款","批量格式条款案例18"
"D:\Claude\wyt知识库\02-Areas\判例库\01-重疾险\04-格式条款免责争议\判例\批量格式条款案例19.md","格式条款 免责条款 提示说明义务 加粗加黑 隐性免责条款","批量格式条款案例19"
"D:\Claude\wyt知识库\02-Areas\判例库\01-重疾险\04-格式条款免责争议\判例\批量格式条款案例2.md","格式条款 免责条款 提示说明义务 加粗加黑 隐性免责条款","批量格式条款案例2"
"D:\Claude\wyt知识库\02-Areas\判例库\01-重疾险\04-格式条款免责争议\判例\批量格式条款案例20.md","格式条款 免责条款 提示说明义务 加粗加黑 隐性免责条款","批量格式条款案例20"
"D:\Claude\wyt知识库\02-Areas\判例库\01-重疾险\04-格式条款免责争议\判例\批量格式条款案例21.md","格式条款 免责条款 提示说明义务 加粗加黑 隐性免责条款","批量格式条款案例21"
"D:\Claude\wyt知识库\02-Areas\判例库\01-重疾险\04-格式条款免责争议\判例\批量格式条款案例22.md","格式条款 免责条款 提示说明义务 加粗加黑 隐性免责条款","批量格式条款案例22"
"D:\Claude\wyt知识库\02-Areas\判例库\01-重疾险\04-格式条款免责争议\判例\批量格式条款案例23.md","格式条款 免责条款 提示说明义务 加粗加黑 隐性免责条款","批量格式条款案例23"
"D:\Claude\wyt知识库\02-Areas\判例库\01-重疾险\04-格式条款免责争议\判例\批量格式条款案例24.md","格式条款 免责条款 提示说明义务 加粗加黑 隐性免责条款","批量格式条款案例24"
"D:\Claude\wyt知识库\02-Areas\判例库\01-重疾险\04-格式条款免责争议\判例\批量格式条款案例25.md","格式条款 免责条款 提示说明义务 加粗加黑 隐性免责条款","批量格式条款案例25"
"D:\Claude\wyt知识库\02-Areas\判例库\01-重疾险\04-格式条款免责争议\判例\批量格式条款案例3.md","格式条款 免责条款 提示说明义务 加粗加黑 隐性免责条款","批量格式条款案例3"
"D:\Claude\wyt知识库\02-Areas\判例库\01-重疾险\04-格式条款免责争议\判例\批量格式条款案例4.md","格式条款 免责条款 提示说明义务 加粗加黑 隐性免责条款","批量格式条款案例4"
"D:\Claude\wyt知识库\02-Areas\判例库\01-重疾险\04-格式条款免责争议\判例\批量格式条款案例5.md","格式条款 免责条款 提示说明义务 加粗加黑 隐性免责条款","批量格式条款案例5"
"D:\Claude\wyt知识库\02-Areas\判例库\01-重疾险\04-格式条款免责争议\判例\批量格式条款案例6.md","格式条款 免责条款 提示说明义务 加粗加黑 隐性免责条款","批量格式条款案例6"
"D:\Claude\wyt知识库\02-Areas\判例库\01-重疾险\04-格式条款免责争议\判例\批量格式条款案例7.md","格式条款 免责条款 提示说明义务 加粗加黑 隐性免责条款","批量格式条款案例7"
"D:\Claude\wyt知识库\02-Areas\判例库\01-重疾险\04-格式条款免责争议\判例\批量格式条款案例8.md","格式条款 免责条款 提示说明义务 加粗加黑 隐性免责条款","批量格式条款案例8"
"D:\Claude\wyt知识库\02-Areas\判例库\01-重疾险\04-格式条款免责争议\判例\批量格式条款案例9.md","格式条款 免责条款 提示说明义务 加粗加黑 隐性免责条款","批量格式条款案例9"
"D:\Claude\wyt知识库\02-Areas\判例库\01-重疾险\04-格式条款免责争议\判例\沙某丹多发性硬化隐性免责条款案.md","隐性免责条款 限制性条款 多发性硬化 释义 提示说明义务 小字体 未加粗","沙某丹多发性硬化隐性免责条款案"
"D:\Claude\wyt知识库\02-Areas\判例库\01-重疾险\04-格式条款免责争议\判例\疲劳驾驶概括性免责条款无效案.md","疲劳驾驶 概括性条款 兜底条款 免责条款 加粗加黑 道交法 提示说明","疲劳驾驶概括性免责条款无效案"
"D:\Claude\wyt知识库\02-Areas\判例库\01-重疾险\04-格式条款免责争议\判例\邓某驾驶证过期无证驾驶免责条款案.md","无证驾驶 驾驶证过期 免责条款 提示义务 加黑字体 电话回访 司法解释二第10条","邓某驾驶证过期无证驾驶免责条款案"
"D:\Claude\wyt知识库\02-Areas\判例库\01-重疾险\04-格式条款免责争议\判例\钱某A型预激综合征隐性免责条款案.md","隐性免责条款 明确说明 心脏病释义 心肌梗死 A型预激综合征 投保人声明 不利解释","钱某A型预激综合征隐性免责条款案"
"D:\Claude\wyt知识库\02-Areas\判例库\01-重疾险\05-复效保单效力争议\判例\2024-复效保单效力争议-胜诉.md","复效 等待期 免责条款 提示说明义务 猝死 重疾险","2024-复效保单效力争议-胜诉"
"D:\Claude\wyt知识库\02-Areas\判例库\01-重疾险\05-复效保单效力争议\判例\2024-辽06民终1148-复效保单效力争议-败诉.md","复效 等待期 加粗提示 回访录音 未如实告知 颅内占位 败诉","2024-辽06民终1148-复效保单效力争议-败诉"
"D:\Claude\wyt知识库\02-Areas\判例库\01-重疾险\05-复效保单效力争议\判例\2025-冀0203民初13912-复效争议-胜诉.md","复效 保单失效 催缴义务 银行扣划 重疾险","2025-冀0203民初13912-复效争议-胜诉"
"D:\Claude\wyt知识库\02-Areas\判例库\01-重疾险\05-复效保单效力争议\判例\2025-复效保单效力争议-胜诉.md","复效 等待期 甲状腺结节 甲状腺癌 因果关系 重疾险","2025-复效保单效力争议-胜诉"
"D:\Claude\wyt知识库\02-Areas\判例库\01-重疾险\05-复效保单效力争议\判例\2025-天津铁路运输法院-理赔选择权争议-胜诉.md","理赔选择权 主险附加险 合同继续履行 投保人选择权 保险合同终止","2025-天津铁路运输法院-理赔选择权争议-胜诉"
"D:\Claude\wyt知识库\02-Areas\判例库\01-重疾险\05-复效保单效力争议\判例\2025-广州法院-复效保单效力争议-胜诉.md","复效 等待期180天 免责条款 提示说明义务 急性心肌梗死 重疾险","2025-广州法院-复效保单效力争议-胜诉"
"D:\Claude\wyt知识库\02-Areas\判例库\01-重疾险\05-复效保单效力争议\判例\2025-新29民终641-复效保单效力争议-胜诉.md","复效 等待期180天 免责条款 提示说明义务 甲状腺癌 类案","2025-新29民终641-复效保单效力争议-胜诉"
"D:\Claude\wyt知识库\02-Areas\判例库\01-重疾险\05-复效保单效力争议\判例\2025-深圳-复效保单效力争议-胜诉.md","复效 等待期一年 合同效力恢复 免责条款 胃癌 保险法解释三","2025-深圳-复效保单效力争议-胜诉"
"D:\Claude\wyt知识库\02-Areas\判例库\01-重疾险\05-复效保单效力争议\判例\2025-西安碑林法院-复效保单效力争议-败诉.md","复效 等待期 诚信原则 拖延确诊 合理期间 败诉 甲状腺癌","2025-西安碑林法院-复效保单效力争议-败诉"
"D:\Claude\wyt知识库\02-Areas\判例库\01-重疾险\05-复效保单效力争议\判例\2026-冀02民终2693-复效保单效力争议-胜诉.md","复效 保单失效 自动扣款 催缴义务 宽限期 重疾险","2026-冀02民终2693-复效保单效力争议-胜诉"
"D:\Claude\wyt知识库\02-Areas\判例库\01-重疾险\05-复效保单效力争议\判例\袁某复效等待期出险案.md","保单复效 等待期 免责条款 明确说明义务 180天 扣款失败","袁某复效等待期出险案"
"D:\Claude\wyt知识库\02-Areas\判例库\01-重疾险\05-复效保单效力争议\判例\韩某复效等待期内出险案.md","复效 等待期 明确说明 回访电话 投保期间 赔付方法 免责条款","韩某复效等待期内出险案"
"D:\Claude\wyt知识库\02-Areas\判例库\01-重疾险\06-先天性畸形免责争议\判例\(2025)内04民终5072号-先天性畸形免责争议-维持原判.md","重疾险、先天性畸形免责、肝移植、多囊肝、明确说明义务、ICD-10","(2025)内04民终5072号-先天性畸形免责争议-维持原判"
"D:\Claude\wyt知识库\02-Areas\判例库\01-重疾险\06-先天性畸形免责争议\判例\(2025)内04民终5313号-先天性畸形免责争议-部分改判.md","重疾险、先天性畸形免责、多囊肾、尿毒症、明确说明义务、扣除保费","(2025)内04民终5313号-先天性畸形免责争议-部分改判"
"D:\Claude\wyt知识库\02-Areas\判例库\01-重疾险\06-先天性畸形免责争议\判例\2024-冀01民终5515-先天性畸形免责争议-维持原判.md","先天性畸形 免责条款 提示说明义务 ICD-10 脑动静脉畸形 重大疾病 二审","2024-冀01民终5515-先天性畸形免责争议-维持原判"
"D:\Claude\wyt知识库\02-Areas\判例库\01-重疾险\06-先天性畸形免责争议\判例\2024-冀0930民初333-先天性畸形免责争议-胜诉.md","先天性畸形 主动脉手术 格式条款解释 重大疾病 因果关系","2024-冀0930民初333-先天性畸形免责争议-胜诉"
"D:\Claude\wyt知识库\02-Areas\判例库\01-重疾险\06-先天性畸形免责争议\判例\2024-湖北省老河口市法院-先天性畸形免责争议-调解.md","先天性畸形 主动脉狭窄 说明义务 举证责任 调解 高考体检","2024-湖北省老河口市法院-先天性畸形免责争议-调解"
"D:\Claude\wyt知识库\02-Areas\判例库\01-重疾险\06-先天性畸形免责争议\判例\2024-长春市绿园区法院-先天性畸形免责争议-胜诉.md","先天性畸形 房间隔缺损 提示说明义务 代办投保 免责条款效力 学生","2024-长春市绿园区法院-先天性畸形免责争议-胜诉"
"D:\Claude\wyt知识库\02-Areas\判例库\01-重疾险\06-先天性畸形免责争议\判例\2025-冀0130民初960-先天性畸形免责争议-部分胜诉.md","先天性畸形 免责条款 提示说明义务 ICD-10 微创颅脑手术 下丘脑错构瘤 豁免保费","2025-冀0130民初960-先天性畸形免责争议-部分胜诉"
"D:\Claude\wyt知识库\02-Areas\判例库\01-重疾险\06-先天性畸形免责争议\判例\2025-内04民终5072-先天性畸形免责争议-二审维持.md","先天性畸形免责争议、肝移植、多囊肝、ICD-10、明确说明义务、匿名案件","2025-内04民终5072-先天性畸形免责争议-二审维持"
"D:\Claude\wyt知识库\02-Areas\判例库\01-重疾险\06-先天性畸形免责争议\判例\2025-内04民终5313-先天性畸形免责争议-二审改判.md","先天性畸形免责争议、多囊肾、尿毒症、肾脏透析、明确说明义务、匿名案件","2025-内04民终5313-先天性畸形免责争议-二审改判"
"D:\Claude\wyt知识库\02-Areas\判例库\01-重疾险\06-先天性畸形免责争议\判例\2025-北京市怀柔区法院-先天性畸形免责争议-胜诉.md","先天性畸形 ICD-10 提示说明义务 蝇头小字 脚注 开颅手术 儿童 全额赔付","2025-北京市怀柔区法院-先天性畸形免责争议-胜诉"
"D:\Claude\wyt知识库\02-Areas\判例库\01-重疾险\06-先天性畸形免责争议\判例\2025-河南省商水县法院-先天性畸形免责争议-部分胜诉.md","先天性畸形 心脏手术 逐一审查 部分赔付 三尖瓣成形术 格式条款解释","2025-河南省商水县法院-先天性畸形免责争议-部分胜诉"
"D:\Claude\wyt知识库\02-Areas\判例库\01-重疾险\06-先天性畸形免责争议\判例\小邱胆总管囊肿免责条款争议案.md","先天性畸形 ICD-10 胆总管囊肿 明确说明义务 代理人投保 免责条款","小邱胆总管囊肿免责条款争议案"
"D:\Claude\wyt知识库\02-Areas\判例库\01-重疾险\06-先天性畸形免责争议\判例\梁某胆总管囊肿病理与临床诊断争议案.md","胆总管囊肿 病理诊断 临床诊断 ICD-10 先天性畸形 免责条款 病历效力","梁某胆总管囊肿病理与临床诊断争议案"
"D:\Claude\wyt知识库\02-Areas\判例库\01-重疾险\07-其他争议\判例\2025-冀8601民初902-其他争议-调解.md","豁免保费 调解 重大疾病 理赔后续 多倍保障","2025-冀8601民初902-其他争议-调解"
"D:\Claude\wyt知识库\02-Areas\判例库\01-重疾险\09-诉讼时效争议\判例\(2024)沪74民终469号-诉讼时效争议-败诉.md","诉讼时效 另案起诉 时效中断 撤诉 上海金融法院","(2024)沪74民终469号-诉讼时效争议-败诉"
"D:\Claude\wyt知识库\02-Areas\判例库\01-重疾险\09-诉讼时效争议\判例\2011-句容市法院-诉讼时效争议-胜诉.md","诉讼时效 时效中断 核定通知 起算点 权利受侵害","2011-句容市法院-诉讼时效争议-胜诉"
"D:\Claude\wyt知识库\02-Areas\判例库\01-重疾险\09-诉讼时效争议\判例\2021-长沙芙蓉区法院-诉讼时效争议-胜诉.md","诉讼时效 拖延理赔 拒赔通知 时效起算 保险公司懈怠","2021-长沙芙蓉区法院-诉讼时效争议-胜诉"
"D:\Claude\wyt知识库\02-Areas\判例库\01-重疾险\09-诉讼时效争议\判例\2025-温宿县法院-诉讼时效争议-胜诉.md","诉讼时效 执行终本 第三者索赔 时效中断 重新起算","2025-温宿县法院-诉讼时效争议-胜诉"
"D:\Claude\wyt知识库\02-Areas\判例库\01-重疾险\09-诉讼时效争议\判例\2025-阜新蒙古族自治县法院-诉讼时效争议-胜诉.md","诉讼时效 定损通知 同意履行 时效抗辩权丧失","2025-阜新蒙古族自治县法院-诉讼时效争议-胜诉"
"D:\Claude\wyt知识库\02-Areas\判例库\01-重疾险\10-承保前出险争议\判例\谢某交费后承保前身故案.md","承保前出险 预交保费 合同成立 核保期间 缔约过失 保险法第13条","谢某交费后承保前身故案"
"D:\Claude\wyt知识库\02-Areas\判例库\01-重疾险\13-既往症免责争议\判例\2025-上海金融法院-肺结节既往症免责-胜诉.md","肺结节 既往症 影像学体征 疾病定义 团体重疾险 不利解释 最高院典型案例 举证责任","2025-上海金融法院-肺结节既往症免责-胜诉"
"D:\Claude\wyt知识库\02-Areas\判例库\02-医疗险\01-未如实告知拒赔\判例\(2025)吉07民终1528号-未如实告知拒赔-驳回上诉维持原判.md","未如实告知, 既往症, 便血, 举证责任, 电子投保, 匿名案件","(2025)吉07民终1528号-未如实告知拒赔-驳回上诉维持原判"
"D:\Claude\wyt知识库\02-Areas\判例库\02-医疗险\01-未如实告知拒赔\判例\2010-昆民四终字第495号-自述病历冲突解除权丧失-胜诉.md","如实告知、病历自述、解除权、饮酒史、合理期限","2010-昆民四终字第495号-自述病历冲突解除权丧失-胜诉"
"D:\Claude\wyt知识库\02-Areas\判例库\02-医疗险\01-未如实告知拒赔\判例\2018-京04民终162号-重要事实举证义务-胜诉.md","重要事实、举证责任、解除权、甲状腺结节、核定期限","2018-京04民终162号-重要事实举证义务-胜诉"
"D:\Claude\wyt知识库\02-Areas\判例库\02-医疗险\01-未如实告知拒赔\判例\2018-渝03民终209号-不可抗辩超过两年-胜诉.md","不可抗辩条款、两年期间、解除权、截止日认定","2018-渝03民终209号-不可抗辩超过两年-胜诉"
"D:\Claude\wyt知识库\02-Areas\判例库\02-医疗险\01-未如实告知拒赔\判例\2018-豫10民终797号-未询问不构成未告知-胜诉.md","如实告知、询问义务、举证责任、不可抗辩、代签名","2018-豫10民终797号-未询问不构成未告知-胜诉"
"D:\Claude\wyt知识库\02-Areas\判例库\02-医疗险\01-未如实告知拒赔\判例\2018-鄂05民终3278号-网络投保解除权期限-胜诉.md","网络投保、明确说明义务、如实告知、解除权期限、症状询问","2018-鄂05民终3278号-网络投保解除权期限-胜诉"
"D:\Claude\wyt知识库\02-Areas\判例库\02-医疗险\01-未如实告知拒赔\判例\2019-渝0114民初2047号-解除权行使期限-胜诉.md","解除权、通知送达、30日期限、投保人与被保险人","2019-渝0114民初2047号-解除权行使期限-胜诉"
"D:\Claude\wyt知识库\02-Areas\判例库\02-医疗险\01-未如实告知拒赔\判例\2019-渝05民终3049号-询问内容为限-胜诉.md","如实告知、询问范围、概括性询问、电话投保、询问告知主义","2019-渝05民终3049号-询问内容为限-胜诉"
"D:\Claude\wyt知识库\02-Areas\判例库\02-医疗险\01-未如实告知拒赔\判例\2019-豫1721民初1831号-解除权超过30日消灭-胜诉.md","解除权、30日期限、如实告知、解除权消灭","2019-豫1721民初1831号-解除权超过30日消灭-胜诉"
"D:\Claude\wyt知识库\02-Areas\判例库\02-医疗险\01-未如实告知拒赔\判例\2020-沪0115民初70257号-病历主诉不能直接证明未告知-胜诉.md","病历主诉, 患者主诉, 未如实告知, 证明力, 体检发现, 甲状腺结节","2020-沪0115民初70257号-病历主诉不能直接证明未告知-胜诉"
"D:\Claude\wyt知识库\02-Areas\判例库\02-医疗险\01-未如实告知拒赔\判例\2020-鄂05民终1797号-投保前确诊淋巴瘤未告知-败诉.md","未如实告知, 合同解除权, 投保前已确诊, 两年不可抗辩, 如实告知义务, 恶性肿","2020-鄂05民终1797号-投保前确诊淋巴瘤未告知-败诉"
"D:\Claude\wyt知识库\02-Areas\判例库\02-医疗险\01-未如实告知拒赔\判例\2022-冀0130民初2442-如实告知争议-胜诉.md","如实告知 带病投保 举证责任 理赔调查报告 医疗险 椎间盘突出","2022-冀0130民初2442-如实告知争议-胜诉"
"D:\Claude\wyt知识库\02-Areas\判例库\02-医疗险\01-未如实告知拒赔\判例\2022-冀0922民初654-未如实告知拒赔-胜诉.md","未如实告知 乳腺增生 两年询问期 健康问卷","2022-冀0922民初654-未如实告知拒赔-胜诉"
"D:\Claude\wyt知识库\02-Areas\判例库\02-医疗险\01-未如实告知拒赔\判例\2022-冀8601民初1168-未如实告知拒赔-胜诉.md","未如实告知 业务员代为填写 健康询问 告知义务的前提","2022-冀8601民初1168-未如实告知拒赔-胜诉"
"D:\Claude\wyt知识库\02-Areas\判例库\02-医疗险\01-未如实告知拒赔\判例\2023-冀01民终10869-未如实告知拒赔-维持原判.md","未如实告知 川崎病 重大过失 承保决定 冠状动脉扩张","2023-冀01民终10869-未如实告知拒赔-维持原判"
"D:\Claude\wyt知识库\02-Areas\判例库\02-医疗险\01-未如实告知拒赔\判例\2023-冀01民终1910-如实告知争议-维持原判.md","如实告知 免赔额 免责条款 提示说明义务 二审 医疗险","2023-冀01民终1910-如实告知争议-维持原判"
"D:\Claude\wyt知识库\02-Areas\判例库\02-医疗险\01-未如实告知拒赔\判例\2023-冀8601民初1343-如实告知争议-部分胜诉.md","如实告知 重大过失 合同解除权 核保规则 免赔额 免责条款 业务员过错","2023-冀8601民初1343-如实告知争议-部分胜诉"
"D:\Claude\wyt知识库\02-Areas\判例库\02-医疗险\01-未如实告知拒赔\判例\2024-沪74民终815-未如实告知拒赔-败诉.md","未如实告知 肺部结节 互联网医疗险 健康告知 败诉","2024-沪74民终815-未如实告知拒赔-败诉"
"D:\Claude\wyt知识库\02-Areas\判例库\02-医疗险\01-未如实告知拒赔\判例\2024-鄂0104民初3006-未如实告知拒赔-胜诉.md","未如实告知 独立合同 健康询问 心脏增大 医疗险","2024-鄂0104民初3006-未如实告知拒赔-胜诉"
"D:\Claude\wyt知识库\02-Areas\判例库\02-医疗险\01-未如实告知拒赔\判例\2025-冀8601民初1824-未如实告知拒赔-胜诉.md","医疗险 未如实告知 既往症 合同解除权 30日除斥期间 免赔额 物理治疗","2025-冀8601民初1824-未如实告知拒赔-胜诉"
"D:\Claude\wyt知识库\02-Areas\判例库\02-医疗险\01-未如实告知拒赔\判例\2025-吉07民终1528-未如实告知拒赔-胜诉.md","未如实告知 既往症 电子投保 癌症 百万医疗 跨保单赔付","2025-吉07民终1528-未如实告知拒赔-胜诉"
"D:\Claude\wyt知识库\02-Areas\判例库\02-医疗险\01-未如实告知拒赔\判例\2025-焦作解放区法院-线上投保未如实告知高血压-胜诉.md","线上投保 未如实告知 高血压 健康问卷 保险公司注意义务 询问明确性 心梗","2025-焦作解放区法院-线上投保未如实告知高血压-胜诉"
"D:\Claude\wyt知识库\02-Areas\判例库\02-医疗险\01-未如实告知拒赔\判例\2025-豫17民终4075-未如实告知拒赔-胜诉.md","医疗险 未如实告知 线上投保 询问义务 因果关系 免责条款 明确说明义务 百万医疗","2025-豫17民终4075-未如实告知拒赔-胜诉"
"D:\Claude\wyt知识库\02-Areas\判例库\02-医疗险\01-未如实告知拒赔\判例\好医保长期医疗未如实告知住院调解案.md","好医保 长期医疗 未如实告知 调解 恢复保单 举证不足","好医保长期医疗未如实告知住院调解案"
"D:\Claude\wyt知识库\02-Areas\判例库\02-医疗险\01-未如实告知拒赔\判例\平安财险风湿性心脏病未告知胜诉案.md","既往症 未如实告知 带病投保 诚信原则 心脏病 举证责任","平安财险风湿性心脏病未告知胜诉案"
"D:\Claude\wyt知识库\02-Areas\判例库\02-医疗险\01-未如实告知拒赔\判例\待确认-四川崇州刘某-未如实告知拒赔-胜诉.md","网络投保 免责条款 提示说明义务 回溯视频 乳腺癌 医疗险","待确认-四川崇州刘某-未如实告知拒赔-胜诉"
"D:\Claude\wyt知识库\02-Areas\判例库\02-医疗险\01-未如实告知拒赔\判例\待确认-贵州毕节中院谢女士-未如实告知拒赔-胜诉.md","未如实告知 健康告知范围 因果关系 椎间盘突出 胃食管反流 急性胰腺炎","待确认-贵州毕节中院谢女士-未如实告知拒赔-胜诉"
"D:\Claude\wyt知识库\02-Areas\判例库\02-医疗险\01-未如实告知拒赔\判例\郭某医保卡代开药理赔案.md","医保卡外借 代开药 自证清白 体检报告 证据链 心脏手术","郭某医保卡代开药理赔案"
"D:\Claude\wyt知识库\02-Areas\判例库\02-医疗险\02-既往症免责争议\判例\(2025)豫0902民初13687号-急性病身故既往症免责举证-判赔223363元.md","急性病身故, 既往症免责, 举证责任, 旅行意外险, 脑血管病, 旅行社投保, 遗体送返, 匿名案件","(2025)豫0902民初13687号-急性病身故既往症免责举证-判赔223363元"
"D:\Claude\wyt知识库\02-Areas\判例库\02-医疗险\02-既往症免责争议\判例\2018-鲁0181民初8656-既往症免责争议-部分胜诉.md","既往症免责, 提示说明义务, 损失补偿原则, 学平险, 重复保险, 免赔额条款","2018-鲁0181民初8656-既往症免责争议-部分胜诉"
"D:\Claude\wyt知识库\02-Areas\判例库\02-医疗险\02-既往症免责争议\判例\2019-鲁01民终10882-既往症免责争议-胜诉.md","既往症 免责条款 提示说明义务 损失补偿原则 学生意外险 医疗险","2019-鲁01民终10882-既往症免责争议-胜诉"
"D:\Claude\wyt知识库\02-Areas\判例库\02-医疗险\02-既往症免责争议\判例\2024-冀8601民初1947-既往症免责争议-胜诉.md","既往症 如实告知 合同解除权 提示说明义务 电子投保 医疗险 百万医疗","2024-冀8601民初1947-既往症免责争议-胜诉"
"D:\Claude\wyt知识库\02-Areas\判例库\02-医疗险\02-既往症免责争议\判例\2024-北京市海淀区法院-既往症免责争议-胜诉.md","既往症 强制阅读流程 提示说明义务 等待期 少儿 腺样体 扁桃体 百万医疗","2024-北京市海淀区法院-既往症免责争议-胜诉"
"D:\Claude\wyt知识库\02-Areas\判例库\02-医疗险\02-既往症免责争议\判例\2024-北京市西城区法院-既往症免责争议-胜诉.md","既往症 代谢综合征 胃袖状切除术 美容整形 减重手术 明确诊断","2024-北京市西城区法院-既往症免责争议-胜诉"
"D:\Claude\wyt知识库\02-Areas\判例库\02-医疗险\02-既往症免责争议\判例\2024-晋中市太谷区法院-既往症免责争议-胜诉.md","既往症 电子保单 提示说明义务 网页 音频 视频 高血压 基底节出血","2024-晋中市太谷区法院-既往症免责争议-胜诉"
"D:\Claude\wyt知识库\02-Areas\判例库\02-医疗险\02-既往症免责争议\判例\2024-绵阳市涪城区法院-既往症免责争议-胜诉.md","既往症 颅内占位 恶性肿瘤 确诊 知晓患病 连续投保 健康保险","2024-绵阳市涪城区法院-既往症免责争议-胜诉"
"D:\Claude\wyt知识库\02-Areas\判例库\02-医疗险\02-既往症免责争议\判例\2024-鄂0104民初3006-既往症免责争议-胜诉.md","既往症 独立合同 重新询问 自愿承保 中英人寿 心脏增大 心脏瓣膜手术 继续履行","2024-鄂0104民初3006-既往症免责争议-胜诉"
"D:\Claude\wyt知识库\02-Areas\判例库\02-医疗险\02-既往症免责争议\判例\2025-冀0130民初2420-既往症免责争议-胜诉.md","既往症 冀惠保 投保期间 承保审核 心脑血管疾病 补充健康保险","2025-冀0130民初2420-既往症免责争议-胜诉"
"D:\Claude\wyt知识库\02-Areas\判例库\02-医疗险\02-既往症免责争议\判例\2025-新疆吉木萨尔县法院-既往症免责争议-胜诉.md","既往症 尺神经炎 两年不可抗辩 百万医疗 人人安康 连续投保","2025-新疆吉木萨尔县法院-既往症免责争议-胜诉"
"D:\Claude\wyt知识库\02-Areas\判例库\02-医疗险\02-既往症免责争议\判例\2025-衢州柯城区法院-检验单异常非既往症-既往症免责争议-胜诉.md","既往症 检验单异常 指标波动 确诊标准 举证责任 医疗险","2025-衢州柯城区法院-检验单异常非既往症-既往症免责争议-胜诉"
"D:\Claude\wyt知识库\02-Areas\判例库\02-医疗险\02-既往症免责争议\判例\2025-豫0902民初13687-既往症免责争议-部分胜诉.md","旅游意外险 急性病身故 既往症除外 举证责任 脑出血 丧葬费","2025-豫0902民初13687-既往症免责争议-部分胜诉"
"D:\Claude\wyt知识库\02-Areas\判例库\02-医疗险\02-既往症免责争议\判例\2026-河北平泉市法院-既往症免责争议-胜诉.md","既往症 主诉 腰椎间盘突出 举证责任 病历 百万医疗","2026-河北平泉市法院-既往症免责争议-胜诉"
"D:\Claude\wyt知识库\02-Areas\判例库\02-医疗险\03-格式条款免责争议\判例\2012-海民初字第10055号-住院补贴不终止-胜诉.md","住院补贴、保险期间、持续治疗、保险责任、保险事故发生时间","2012-海民初字第10055号-住院补贴不终止-胜诉"
"D:\Claude\wyt知识库\02-Areas\判例库\02-医疗险\03-格式条款免责争议\判例\2014-钦民一终字第247号-损失补偿原则不适用-胜诉.md","损失补偿原则、人身保险、重复投保、免责条款、明确说明义务、社会保险竞合","2014-钦民一终字第247号-损失补偿原则不适用-胜诉"
"D:\Claude\wyt知识库\02-Areas\判例库\02-医疗险\03-格式条款免责争议\判例\2018-粤01民终11900号-确诊时间争议-胜诉.md","确诊时间、等待期、格式条款解释、病理报告、不利解释原则","2018-粤01民终11900号-确诊时间争议-胜诉"
"D:\Claude\wyt知识库\02-Areas\判例库\02-医疗险\03-格式条款免责争议\判例\2020-京0101民初4106号-未提供绿色就医通道-部分胜诉.md","绿色就医通道, 增值服务, 附随义务, 违约责任, 重疾绿通","2020-京0101民初4106号-未提供绿色就医通道-部分胜诉"
"D:\Claude\wyt知识库\02-Areas\判例库\02-医疗险\03-格式条款免责争议\判例\2020-京02民终7960号-初次发生隐性免责-胜诉.md","隐性免责条款, 初次发生, 等待期, 不利解释原则, 格式条款, 明确说明义务","2020-京02民终7960号-初次发生隐性免责-胜诉"
"D:\Claude\wyt知识库\02-Areas\判例库\02-医疗险\03-格式条款免责争议\判例\2020-京03民终4468号-限制治疗方式条款-胜诉.md","限制治疗方式条款, 合理期待原则, 重疾险, 格式条款, 客观不能","2020-京03民终4468号-限制治疗方式条款-胜诉"
"D:\Claude\wyt知识库\02-Areas\判例库\02-医疗险\03-格式条款免责争议\判例\2020-粤14民终320号-网络投保免责条款未说明-胜诉.md","网络投保, 明确说明义务, 免责条款, 遗传性疾病, 强制阅读, 不利解释","2020-粤14民终320号-网络投保免责条款未说明-胜诉"
"D:\Claude\wyt知识库\02-Areas\判例库\02-医疗险\03-格式条款免责争议\判例\2020-鄂0505民初253号-院外购药-胜诉.md","院外购药, 指定医疗机构, 不利解释原则, 合理且必要, 医药分离, 药品费, 格式条款","2020-鄂0505民初253号-院外购药-胜诉"
"D:\Claude\wyt知识库\02-Areas\判例库\02-医疗险\03-格式条款免责争议\判例\2024-冀0109民初290-格式条款免责争议-胜诉.md","先天性畸形 格式条款 电子投保 提示说明义务 房间隔缺损","2024-冀0109民初290-格式条款免责争议-胜诉"
"D:\Claude\wyt知识库\02-Areas\判例库\02-医疗险\03-格式条款免责争议\判例\2024-冀0531民初74-格式条款免责争议-部分胜诉.md","既往症 格式条款 电子投保 提示说明义务 心房颤动","2024-冀0531民初74-格式条款免责争议-部分胜诉"
"D:\Claude\wyt知识库\02-Areas\判例库\02-医疗险\03-格式条款免责争议\判例\2025-冀01民终6841-格式条款免责争议-胜诉.md","医疗险 冀惠保 先天疾病 格式条款 ICD-10 原发性免疫缺陷 明确说明义务","2025-冀01民终6841-格式条款免责争议-胜诉"
"D:\Claude\wyt知识库\02-Areas\判例库\02-医疗险\03-格式条款免责争议\判例\2025-吉07民终1612-格式条款免责争议-胜诉.md","特药目录 超适应症用药 药品说明书 提示说明义务 癌症特药","2025-吉07民终1612-格式条款免责争议-胜诉"
"D:\Claude\wyt知识库\02-Areas\判例库\02-医疗险\03-格式条款免责争议\判例\2025-河南武陟县法院-胚胎移植重症免责条款拒赔-胜诉.md","格式条款 免责条款 提示说明义务 不孕不育 胚胎移植 因果关系 医疗险","2025-河南武陟县法院-胚胎移植重症免责条款拒赔-胜诉"
"D:\Claude\wyt知识库\02-Areas\判例库\02-医疗险\03-格式条款免责争议\判例\2025-皖03民终2283-格式条款免责争议-胜诉.md","饮酒免责 酒精性肝硬化 免赔额 格式条款 提示说明义务 电子投保","2025-皖03民终2283-格式条款免责争议-胜诉"
"D:\Claude\wyt知识库\02-Areas\判例库\02-医疗险\03-格式条款免责争议\判例\2025-豫1025民初5018-格式条款免责争议-胜诉.md","医疗险 学平险 先天性疾病 免责条款 提示说明义务 条款送达","2025-豫1025民初5018-格式条款免责争议-胜诉"
"D:\Claude\wyt知识库\02-Areas\判例库\02-医疗险\03-格式条款免责争议\判例\保险产品停售未续保纠纷案.md","产品停售 续保 告知义务 损失分担 医疗险 诚实信用","保险产品停售未续保纠纷案"
"D:\Claude\wyt知识库\02-Areas\判例库\02-医疗险\03-格式条款免责争议\判例\外购靶向药合理医疗费用胜诉案.md","外购药 靶向药 乳腺癌 合理医疗费用 条款限制 调解","外购靶向药合理医疗费用胜诉案"
"D:\Claude\wyt知识库\02-Areas\判例库\02-医疗险\03-格式条款免责争议\判例\百万医疗免责条款未说明无效案.md","百万医疗 免责条款 提示说明义务 胚胎移植术 举证责任 医保自费","百万医疗免责条款未说明无效案"
"D:\Claude\wyt知识库\02-Areas\判例库\02-医疗险\03-格式条款免责争议\判例\脑出血康复治疗免责条款无效案.md","康复治疗 免责条款 提示说明 医疗险 脑出血 后续治疗","脑出血康复治疗免责条款无效案"
"D:\Claude\wyt知识库\02-Areas\判例库\02-医疗险\03-格式条款免责争议\判例\脑起搏器植入器具免责条款无效案.md","脑起搏器 植入器具 免责条款 医疗险 必要治疗 调解","脑起搏器植入器具免责条款无效案"
"D:\Claude\wyt知识库\02-Areas\判例库\02-医疗险\04-先天性畸形免责争议\判例\(2025)冀0125民初3361号-先天性畸形免责争议-保险公司赔付保险金.md","卵圆孔未闭, 先天性畸形, 免责条款, 提示说明义务, 电子投保, 匿名案件","(2025)冀0125民初3361号-先天性畸形免责争议-保险公司赔付保险金"
"D:\Claude\wyt知识库\02-Areas\判例库\02-医疗险\04-先天性畸形免责争议\判例\(2025)吉07民终1680号-先天性畸形免责争议-维持原判.md","医疗险、学生住院医疗、先天性畸形免责、动静脉畸形、脑出血、明确说明义务、回执签字","(2025)吉07民终1680号-先天性畸形免责争议-维持原判"
"D:\Claude\wyt知识库\02-Areas\判例库\02-医疗险\04-先天性畸形免责争议\判例\2021-冀09民终8041-先天性畸形免责争议-胜诉.md","先天性疾病, 双子宫, 概括性条款, 明确说明义务, 健康告知, 因果关系, 医疗险","2021-冀09民终8041-先天性畸形免责争议-胜诉"
"D:\Claude\wyt知识库\02-Areas\判例库\02-医疗险\04-先天性畸形免责争议\判例\2024-冀8601民初1512-先天性畸形免责争议-胜诉.md","先天性畸形 学平险 电子投保 提示说明义务 ICD-10 疾病编码 免责条款","2024-冀8601民初1512-先天性畸形免责争议-胜诉"
"D:\Claude\wyt知识库\02-Areas\判例库\02-医疗险\04-先天性畸形免责争议\判例\2024-广东省清远市中院-先天性畸形免责争议-胜诉.md","先天性畸形 周围静脉畸形 加粗加黑 说明义务 投保签名 投保视频 医疗险","2024-广东省清远市中院-先天性畸形免责争议-胜诉"
"D:\Claude\wyt知识库\02-Areas\判例库\02-医疗险\04-先天性畸形免责争议\判例\2025-冀0125民初3361-先天性畸形免责争议-胜诉.md","卵圆孔未闭 先天性畸形 电子投保 提示说明义务 免责条款","2025-冀0125民初3361-先天性畸形免责争议-胜诉"
"D:\Claude\wyt知识库\02-Areas\判例库\02-医疗险\04-先天性畸形免责争议\判例\2025-吉07民终1680-先天性畸形免责争议-二审维持.md","先天性畸形免责争议、学生医疗险、脑动静脉畸形、ICD-10、明确说明义务、匿名案件","2025-吉07民终1680-先天性畸形免责争议-二审维持"
"D:\Claude\wyt知识库\02-Areas\判例库\02-医疗险\04-先天性畸形免责争议\判例\通融赔付-先天性畸形免责争议-调解.md","通融赔付 先天性畸形 原发性免疫缺陷 理赔协议 协商解决","通融赔付-先天性畸形免责争议-调解"
"D:\Claude\wyt知识库\02-Areas\判例库\02-医疗险\05-先天疾病免责争议\判例\2025-冀0130民初2369-先天疾病免责争议-胜诉.md","先天疾病 格式条款解释 原发性免疫缺陷 ICD-10 冀惠保 除外责任 基因突变","2025-冀0130民初2369-先天疾病免责争议-胜诉"
"D:\Claude\wyt知识库\02-Areas\判例库\02-医疗险\05-先天疾病免责争议\判例\先天性脑血管畸形免责条款未尽说明义务案.md","先天性脑血管畸形 免责条款 提示说明 调解 无症状 先心病","先天性脑血管畸形免责条款未尽说明义务案"
"D:\Claude\wyt知识库\02-Areas\判例库\02-医疗险\05-先天疾病免责争议\判例\小儿疝气拒赔案.md","疝气 先天性 ICD-10 保险免责 医学vs保险 常见赔付","小儿疝气拒赔案"
"D:\Claude\wyt知识库\02-Areas\判例库\02-医疗险\05-先天疾病免责争议\判例\颅咽管瘤拒赔案.md","颅咽管瘤 先天性肿瘤 先天性畸形 ICD-10 胚胎残余组织 协商赔付","颅咽管瘤拒赔案"
"D:\Claude\wyt知识库\02-Areas\判例库\02-医疗险\06-其他争议\判例\(2025)内0522民初5520号-其他争议-支持赔付.md","医疗险、百万医疗、甲状腺癌、恶性肿瘤定义、格式条款、免赔额、提示说明义务","(2025)内0522民初5520号-其他争议-支持赔付"
"D:\Claude\wyt知识库\02-Areas\判例库\02-医疗险\06-其他争议\判例\2020-京0101民初16049号-多份保单扣费争议-胜诉.md","多份保单, 保费扣收, 选择性扣费, 宽限期, 诚实信用原则, 投保人选择权","2020-京0101民初16049号-多份保单扣费争议-胜诉"
"D:\Claude\wyt知识库\02-Areas\判例库\02-医疗险\06-其他争议\判例\2022-冀8601民初2293-其他争议-调解.md","调解 中高端医疗险 未如实告知 解除合同","2022-冀8601民初2293-其他争议-调解"
"D:\Claude\wyt知识库\02-Areas\判例库\02-医疗险\06-其他争议\判例\2023-冀0606民初4180-其他争议-调解.md","调解 安享百万医疗 脑部手术 身故","2023-冀0606民初4180-其他争议-调解"
"D:\Claude\wyt知识库\02-Areas\判例库\02-医疗险\06-其他争议\判例\2024-冀1003民初5009-拒赔理由待确认-胜诉调解.md","医疗险 平安e生保 调解 拒赔理由不明","2024-冀1003民初5009-拒赔理由待确认-胜诉调解"
"D:\Claude\wyt知识库\02-Areas\判例库\02-医疗险\06-其他争议\判例\2024-冀8601诉前调确122-其他争议-调解.md","调解 医疗理赔 司法确认","2024-冀8601诉前调确122-其他争议-调解"
"D:\Claude\wyt知识库\02-Areas\判例库\02-医疗险\06-其他争议\判例\2025-冀0481民初9038-其他争议-调解.md","尊享e生 医疗险 食管癌 调解 百万医疗险","2025-冀0481民初9038-其他争议-调解"
"D:\Claude\wyt知识库\02-Areas\判例库\02-医疗险\06-其他争议\判例\2025-四川天府新区法院-产品停售续保-胜诉.md","医疗险 产品停售 续保失败 通知义务","2025-四川天府新区法院-产品停售续保-胜诉"
"D:\Claude\wyt知识库\02-Areas\判例库\02-医疗险\06-其他争议\判例\2025-浙1081民初2292-其他争议-调解.md","调解 高额医疗险 继续履行 安联人寿","2025-浙1081民初2292-其他争议-调解"
"D:\Claude\wyt知识库\02-Areas\判例库\02-医疗险\06-其他争议\判例\2025-皖15民终2976-其他争议-胜诉.md","医疗险 其他争议 带病投保 未确诊 等待期 百万医疗","2025-皖15民终2976-其他争议-胜诉"
"D:\Claude\wyt知识库\02-Areas\判例库\02-医疗险\08-诉讼时效争议\判例\2018-苏0213民初2777号-诉讼时效起算-胜诉.md","诉讼时效、最大诚信原则、团体保险、被保险人不知情、起算点认定","2018-苏0213民初2777号-诉讼时效起算-胜诉"
"D:\Claude\wyt知识库\02-Areas\判例库\02-医疗险\08-诉讼时效争议\判例\2021-长沙芙蓉区法院-诉讼时效争议-胜诉.md","诉讼时效 拖延理赔 拒赔通知 时效起算 保险公司懈怠","2021-长沙芙蓉区法院-诉讼时效争议-胜诉"
"D:\Claude\wyt知识库\02-Areas\判例库\02-医疗险\10-伤残评定争议\判例\批量伤残鉴定案1.md","伤残评定 隐性免责条款 提示说明 标准适用","批量伤残鉴定案1"
"D:\Claude\wyt知识库\02-Areas\判例库\02-医疗险\10-伤残评定争议\判例\批量伤残鉴定案10.md","伤残评定 隐性免责条款 提示说明 标准适用","批量伤残鉴定案10"
"D:\Claude\wyt知识库\02-Areas\判例库\02-医疗险\10-伤残评定争议\判例\批量伤残鉴定案11.md","伤残评定 隐性免责条款 提示说明 标准适用","批量伤残鉴定案11"
"D:\Claude\wyt知识库\02-Areas\判例库\02-医疗险\10-伤残评定争议\判例\批量伤残鉴定案12.md","伤残评定 隐性免责条款 提示说明 标准适用","批量伤残鉴定案12"
"D:\Claude\wyt知识库\02-Areas\判例库\02-医疗险\10-伤残评定争议\判例\批量伤残鉴定案13.md","伤残评定 隐性免责条款 提示说明 标准适用","批量伤残鉴定案13"
"D:\Claude\wyt知识库\02-Areas\判例库\02-医疗险\10-伤残评定争议\判例\批量伤残鉴定案14.md","伤残评定 隐性免责条款 提示说明 标准适用","批量伤残鉴定案14"
"D:\Claude\wyt知识库\02-Areas\判例库\02-医疗险\10-伤残评定争议\判例\批量伤残鉴定案15.md","伤残评定 隐性免责条款 提示说明 标准适用","批量伤残鉴定案15"
"D:\Claude\wyt知识库\02-Areas\判例库\02-医疗险\10-伤残评定争议\判例\批量伤残鉴定案16.md","伤残评定 隐性免责条款 提示说明 标准适用","批量伤残鉴定案16"
"D:\Claude\wyt知识库\02-Areas\判例库\02-医疗险\10-伤残评定争议\判例\批量伤残鉴定案17.md","伤残评定 隐性免责条款 提示说明 标准适用","批量伤残鉴定案17"
"D:\Claude\wyt知识库\02-Areas\判例库\02-医疗险\10-伤残评定争议\判例\批量伤残鉴定案18.md","伤残评定 隐性免责条款 提示说明 标准适用","批量伤残鉴定案18"
"D:\Claude\wyt知识库\02-Areas\判例库\02-医疗险\10-伤残评定争议\判例\批量伤残鉴定案19.md","伤残评定 隐性免责条款 提示说明 标准适用","批量伤残鉴定案19"
"D:\Claude\wyt知识库\02-Areas\判例库\02-医疗险\10-伤残评定争议\判例\批量伤残鉴定案2.md","伤残评定 隐性免责条款 提示说明 标准适用","批量伤残鉴定案2"
"D:\Claude\wyt知识库\02-Areas\判例库\02-医疗险\10-伤残评定争议\判例\批量伤残鉴定案20.md","伤残评定 隐性免责条款 提示说明 标准适用","批量伤残鉴定案20"
"D:\Claude\wyt知识库\02-Areas\判例库\02-医疗险\10-伤残评定争议\判例\批量伤残鉴定案3.md","伤残评定 隐性免责条款 提示说明 标准适用","批量伤残鉴定案3"
"D:\Claude\wyt知识库\02-Areas\判例库\02-医疗险\10-伤残评定争议\判例\批量伤残鉴定案4.md","伤残评定 隐性免责条款 提示说明 标准适用","批量伤残鉴定案4"
"D:\Claude\wyt知识库\02-Areas\判例库\02-医疗险\10-伤残评定争议\判例\批量伤残鉴定案5.md","伤残评定 隐性免责条款 提示说明 标准适用","批量伤残鉴定案5"
"D:\Claude\wyt知识库\02-Areas\判例库\02-医疗险\10-伤残评定争议\判例\批量伤残鉴定案6.md","伤残评定 隐性免责条款 提示说明 标准适用","批量伤残鉴定案6"
"D:\Claude\wyt知识库\02-Areas\判例库\02-医疗险\10-伤残评定争议\判例\批量伤残鉴定案7.md","伤残评定 隐性免责条款 提示说明 标准适用","批量伤残鉴定案7"
"D:\Claude\wyt知识库\02-Areas\判例库\02-医疗险\10-伤残评定争议\判例\批量伤残鉴定案8.md","伤残评定 隐性免责条款 提示说明 标准适用","批量伤残鉴定案8"
"D:\Claude\wyt知识库\02-Areas\判例库\02-医疗险\10-伤残评定争议\判例\批量伤残鉴定案9.md","伤残评定 隐性免责条款 提示说明 标准适用","批量伤残鉴定案9"
"D:\Claude\wyt知识库\02-Areas\判例库\02-医疗险\11-第三方侵权代位求偿\判例\互联网百万医疗第三方侵权案.md","第三方侵权 百万医疗 互联网投保 免责条款 强制弹出 电子投保","互联网百万医疗第三方侵权案"
"D:\Claude\wyt知识库\02-Areas\判例库\02-医疗险\12-等待期出险\判例\2019-兵08民终597号-复效被拒-败诉.md","复效、危险程度显著增加、合同中止、协商一致","2019-兵08民终597号-复效被拒-败诉"
"D:\Claude\wyt知识库\02-Areas\判例库\02-医疗险\12-等待期出险\判例\2019-苏0281民初4234号-等待期内发病-败诉.md","等待期、发病、免责条款、甲状腺结节","2019-苏0281民初4234号-等待期内发病-败诉"
"D:\Claude\wyt知识库\02-Areas\判例库\02-医疗险\12-等待期出险\判例\2020-粤0304民初19437号-拖延确诊至观察期外-败诉.md","观察期, 等待期, 故意拖延确诊, 诚实信用原则, 确诊时间认定, 重大疾病","2020-粤0304民初19437号-拖延确诊至观察期外-败诉"
"D:\Claude\wyt知识库\02-Areas\判例库\02-医疗险\12-等待期出险\判例\2024-沪74民终41-等待期出险-胜诉.md","等待期 解除权30日消灭 显失公平 调解意见确认书 撤销 医疗险","2024-沪74民终41-等待期出险-胜诉"
"D:\Claude\wyt知识库\02-Areas\判例库\02-医疗险\12-等待期出险\判例\2025-内蒙古准格尔旗法院-等待期出险-胜诉.md","等待期 医疗险 乳腺炎 相似症状 提示说明义务 免责条款","2025-内蒙古准格尔旗法院-等待期出险-胜诉"
"D:\Claude\wyt知识库\02-Areas\判例库\03-意外险\01-未如实告知拒赔\判例\156-2020京0101民初8744号-互联网投保核保义务-败诉.md","互联网投保,核保义务,如实告知,近因原则,年龄限制","156-2020京0101民初8744号-互联网投保核保义务-败诉"
"D:\Claude\wyt知识库\02-Areas\判例库\03-意外险\01-未如实告知拒赔\判例\2009-鼓民二初-韩龙梅案-未如实告知拒赔-胜诉.md","意外险 未如实告知 职业告知 保险人询问义务 自助保险卡 代激活 最高院公报案例","2009-鼓民二初-韩龙梅案-未如实告知拒赔-胜诉"
"D:\Claude\wyt知识库\02-Areas\判例库\03-意外险\01-未如实告知拒赔\判例\2018-粤01民终15045号-未如实告知工程造价-胜诉.md","未如实告知,工程造价,建工团体险,禁止反言原则,解除合同,被保险人保护","2018-粤01民终15045号-未如实告知工程造价-胜诉"
"D:\Claude\wyt知识库\02-Areas\判例库\03-意外险\01-未如实告知拒赔\判例\2025-云25民终1465-未如实告知拒赔-胜诉.md","意外险 意外身故 心源性休克 猝死 未如实告知 合同解除权 30日除斥期间","2025-云25民终1465-未如实告知拒赔-胜诉"
"D:\Claude\wyt知识库\02-Areas\判例库\03-意外险\01-未如实告知拒赔\判例\2025-豫0926民初2230-未如实告知拒赔-胜诉.md","意外险 未如实告知 职业类别 互联网投保 明确说明义务 鉴定费","2025-豫0926民初2230-未如实告知拒赔-胜诉"
"D:\Claude\wyt知识库\02-Areas\判例库\03-意外险\01-未如实告知拒赔\判例\待确认-河南修武薛某某-未如实告知拒赔-败诉.md","未如实告知 团体险 意外险 高血压 糖尿病 肾衰竭 败诉","待确认-河南修武薛某某-未如实告知拒赔-败诉"
"D:\Claude\wyt知识库\02-Areas\判例库\03-意外险\02-格式条款免责争议\判例\(2024)云01民终9979号-180天限制植物人状态-胜诉.md","180天条款 持续植物人状态 因果关系 免责条款 美团骑手 短期意外险","(2024)云01民终9979号-180天限制植物人状态-胜诉"
"D:\Claude\wyt知识库\02-Areas\判例库\03-意外险\02-格式条款免责争议\判例\(2024)沪74民终1358号-180天限制近因原则-胜诉.md","意外险 180天限制条款 近因原则 格式条款 因果关系 道德风险 上海金融法院","(2024)沪74民终1358号-180天限制近因原则-胜诉"
"D:\Claude\wyt知识库\02-Areas\判例库\03-意外险\02-格式条款免责争议\判例\(2024)豫02民终3027号-超180天死亡持续治疗-胜诉.md","180天条款 持续治疗 因果关系 意外死亡 两全保险","(2024)豫02民终3027号-超180天死亡持续治疗-胜诉"
"D:\Claude\wyt知识库\02-Areas\判例库\03-意外险\02-格式条款免责争议\判例\(2024)鄂12民终1944号-续保条款变更180天限制-胜诉.md","180天条款 续保 格式条款 免责条款 团体意外险","(2024)鄂12民终1944号-续保条款变更180天限制-胜诉"
"D:\Claude\wyt知识库\02-Areas\判例库\03-意外险\02-格式条款免责争议\判例\(2024)鲁09民终3517号-免赔额赔付比例格式条款-胜诉.md","180天条款 免赔额 赔付比例 免赔天数 格式条款 免责条款","(2024)鲁09民终3517号-免赔额赔付比例格式条款-胜诉"
"D:\Claude\wyt知识库\02-Areas\判例库\03-意外险\02-格式条款免责争议\判例\(2025)内0821民初4096号-补偿原则格式条款免责-判赔25000元.md","格式条款免责, 医疗费用补偿原则, 勾选提示不足, 明确说明义务, 家庭成员意外险, 交通事故, 匿名案件","(2025)内0821民初4096号-补偿原则格式条款免责-判赔25000元"
"D:\Claude\wyt知识库\02-Areas\判例库\03-意外险\02-格式条款免责争议\判例\(2025)宁04民终1198号-挑衅行为免责举证责任-维持原判.md","意外险, 格式条款, 挑衅行为, 故意行为, 免责条款, 举证责任, 意外伤害, 匿名案件","(2025)宁04民终1198号-挑衅行为免责举证责任-维持原判"
"D:\Claude\wyt知识库\02-Areas\判例库\03-意外险\02-格式条款免责争议\判例\(2025)川0904民初2982号-高空作业免责举证责任-部分支持.md","意外险, 格式条款, 高空作业, 免责条款, 举证责任, 病历记载, 匿名案件","(2025)川0904民初2982号-高空作业免责举证责任-部分支持"
"D:\Claude\wyt知识库\02-Areas\判例库\03-意外险\02-格式条款免责争议\判例\(2025)新29民终2336号-格式条款免责争议-维持原判.md","意外险、团体意外险、电动车、机动车定义、格式条款解释、无证驾驶免责","(2025)新29民终2336号-格式条款免责争议-维持原判"
"D:\Claude\wyt知识库\02-Areas\判例库\03-意外险\02-格式条款免责争议\判例\(2025)浙0726民初4414号-车辆未年检免责条款无效-判赔87382元.md","格式条款免责, 车辆未年检, 因果关系, 安全技术鉴定, 驾乘综合保险, 不利解释原则, 意外医疗, 匿名案件","(2025)浙0726民初4414号-车辆未年检免责条款无效-判赔87382元"
"D:\Claude\wyt知识库\02-Areas\判例库\03-意外险\02-格式条款免责争议\判例\(2025)皖0403民初8817号-格式条款免责争议-部分支持.md","意外险、格式条款、驾乘意外险、卸货受伤、运营区域限制、提示说明义务","(2025)皖0403民初8817号-格式条款免责争议-部分支持"
"D:\Claude\wyt知识库\02-Areas\判例库\03-意外险\02-格式条款免责争议\判例\(2025)皖15民终4343号-格式条款免责争议-维持原判.md","意外险、建筑施工意外险、原因力、同等原因、一级伤残、比例赔付、意外伤害定义","(2025)皖15民终4343号-格式条款免责争议-维持原判"
"D:\Claude\wyt知识库\02-Areas\判例库\03-意外险\02-格式条款免责争议\判例\(2025)粤01民终21185号-其他争议-维持原判.md","意外险、驾乘意外险、交通事故、意外事故认定、诉讼时效、溺水死亡","(2025)粤01民终21185号-其他争议-维持原判"
"D:\Claude\wyt知识库\02-Areas\判例库\03-意外险\02-格式条款免责争议\判例\(2025)豫09民终2665号-格式条款免责争议-维持原判.md","意外险、醉酒免责、格式条款、交通事故、吸入性窒息、原因力、明确说明义务","(2025)豫09民终2665号-格式条款免责争议-维持原判"
"D:\Claude\wyt知识库\02-Areas\判例库\03-意外险\02-格式条款免责争议\判例\(2025)豫10民终2652号-顺风车危险程度显著增加-维持原判.md","意外险, 驾乘意外险, 顺风车, 危险程度显著增加, 营运行为, 保险法第五十二条, 匿名案件","(2025)豫10民终2652号-顺风车危险程度显著增加-维持原判"
"D:\Claude\wyt知识库\02-Areas\判例库\03-意外险\02-格式条款免责争议\判例\(2025)豫17民终4233号-其他争议-维持原判.md","意外险、学生意外险、自杀免责、举证责任、溺亡、免责条款提示说明","(2025)豫17民终4233号-其他争议-维持原判"
"D:\Claude\wyt知识库\02-Areas\判例库\03-意外险\02-格式条款免责争议\判例\(2025)鲁06民终5866号-伤残评定标准格式条款免责-维持原判赔108124元.md","格式条款免责, 伤残评定标准, 行业标准vs国家标准, 比例赔付, 提示说明义务, 团体意外险, 左眼伤残, 匿名案件","(2025)鲁06民终5866号-伤残评定标准格式条款免责-维持原判赔108124元"
"D:\Claude\wyt知识库\02-Areas\判例库\03-意外险\02-格式条款免责争议\判例\(2025)鲁06民终5918号-比例赔付格式条款免责诉讼时效-维持原判赔52344元.md","格式条款免责, 比例赔付, 诉讼时效, 伤残鉴定时机, 团体意外险, 单位投保提示说明义务, 机器挤伤, 匿名案件","(2025)鲁06民终5918号-比例赔付格式条款免责诉讼时效-维持原判赔52344元"
"D:\Claude\wyt知识库\02-Areas\判例库\03-意外险\02-格式条款免责争议\判例\(2025)鲁06民终5947号-格式条款免责争议-维持原判.md","意外险、热射病、中暑、意外伤害定义、格式条款、疾病除外","(2025)鲁06民终5947号-格式条款免责争议-维持原判"
"D:\Claude\wyt知识库\02-Areas\判例库\03-意外险\02-格式条款免责争议\判例\(2025)鲁15民终5499号-格式条款免责争议-维持原判.md","意外险、意外死亡、死因不明、高度盖然性、尸检、骑行摔倒","(2025)鲁15民终5499号-格式条款免责争议-维持原判"
"D:\Claude\wyt知识库\02-Areas\判例库\03-意外险\02-格式条款免责争议\判例\153-2020鄂05民终1781号-格式条款约定不明-胜诉.md","格式条款,不利解释原则,险种关系,赔付标准,建设工程意外险","153-2020鄂05民终1781号-格式条款约定不明-胜诉"
"D:\Claude\wyt知识库\02-Areas\判例库\03-意外险\02-格式条款免责争议\判例\154-2020浙0109民初17519号-特别约定不明确-胜诉.md","特别约定,免责条款,明确说明义务,高空作业,建设工程意外险","154-2020浙0109民初17519号-特别约定不明确-胜诉"
"D:\Claude\wyt知识库\02-Areas\判例库\03-意外险\02-格式条款免责争议\判例\155-2020京01民终3404号-违反安全生产免责条款无效-胜诉.md","格式条款,内容控制,安全生产,免责条款无效,主观过错区分,建设工程意外险","155-2020京01民终3404号-违反安全生产免责条款无效-胜诉"
"D:\Claude\wyt知识库\02-Areas\判例库\03-意外险\02-格式条款免责争议\判例\161-2019陕01民终13773号-格式条款冲突有利解释-胜诉.md","格式条款冲突,不利解释原则,自杀,意外伤害定义,免责条款,二年免责期","161-2019陕01民终13773号-格式条款冲突有利解释-胜诉"
"D:\Claude\wyt知识库\02-Areas\判例库\03-意外险\02-格式条款免责争议\判例\166-2019渝03民终1477号-电子保单免责提示说明-败诉.md","电子保单,免责条款,提示说明义务,法律禁止性规定,无证驾驶","166-2019渝03民终1477号-电子保单免责提示说明-败诉"
"D:\Claude\wyt知识库\02-Areas\判例库\03-意外险\02-格式条款免责争议\判例\2014-沪一中民六商终322-出租车乘客意外伤害理赔-部分胜诉.md","出租车乘客意外险,损失补偿原则,人身险,财产险,综合性保险,保险金请求权,第三方赔偿","2014-沪一中民六商终322-出租车乘客意外伤害理赔-部分胜诉"
"D:\Claude\wyt知识库\02-Areas\判例库\03-意外险\02-格式条款免责争议\判例\2014-淄商终350-卡式保险合同免责条款说明义务-部分胜诉.md","卡式保险合同,代激活,提示说明义务,免责条款,伤残等级比例,机床操作工","2014-淄商终350-卡式保险合同免责条款说明义务-部分胜诉"
"D:\Claude\wyt知识库\02-Areas\判例库\03-意外险\02-格式条款免责争议\判例\2015-二中民商终08403-网络投保免责条款举证-胜诉.md","网络投保，免责条款，举证责任，提示说明义务，保险卡激活","2015-二中民商终08403-网络投保免责条款举证-胜诉"
"D:\Claude\wyt知识库\02-Areas\判例库\03-意外险\02-格式条款免责争议\判例\2015-沪二中民六商终52-网络销售提示说明义务-胜诉.md","网络投保,提示说明义务,免责条款,主动弹出,比例表,七级以下伤残","2015-沪二中民六商终52-网络销售提示说明义务-胜诉"
"D:\Claude\wyt知识库\02-Areas\判例库\03-意外险\02-格式条款免责争议\判例\2016-京03民终3048-工作人员代激活保险卡免责条款未说明-胜诉.md","卡式保险，代激活，代理行为，免责条款，提示说明义务，网络投保","2016-京03民终3048-工作人员代激活保险卡免责条款未说明-胜诉"
"D:\Claude\wyt知识库\02-Areas\判例库\03-意外险\02-格式条款免责争议\判例\2016-京04民终66-电动自行车无牌照免责-胜诉.md","电动自行车，机动车认定，格式条款，不利解释原则，无号牌免责，普通消费者认知","2016-京04民终66-电动自行车无牌照免责-胜诉"
"D:\Claude\wyt知识库\02-Areas\判例库\03-意外险\02-格式条款免责争议\判例\2017-京01民终2063-比例给付表非免责条款-败诉.md","比例给付表, 责任免除条款, 保险责任范围, 格式条款, 伤残评定标准","2017-京01民终2063-比例给付表非免责条款-败诉"
"D:\Claude\wyt知识库\02-Areas\判例库\03-意外险\02-格式条款免责争议\判例\2018-云01民终2756号-不确定概念免责条款-胜诉.md","不确定概念,免责条款,无人区,网络投保,提示说明义务,高风险运动,鳌太穿越","2018-云01民终2756号-不确定概念免责条款-胜诉"
"D:\Claude\wyt知识库\02-Areas\判例库\03-意外险\02-格式条款免责争议\判例\2018-冀04民终5029号-自驾车定义争议-胜诉.md","自驾车定义,格式条款解释,提示说明义务,不利解释原则,通常理解","2018-冀04民终5029号-自驾车定义争议-胜诉"
"D:\Claude\wyt知识库\02-Areas\判例库\03-意外险\02-格式条款免责争议\判例\2018-冀09民终6519号-承保生效时间争议-胜诉.md","保险合同生效时间,等待期,承保五日后生效,免责条款,提示说明义务,投保人签名","2018-冀09民终6519号-承保生效时间争议-胜诉"
"D:\Claude\wyt知识库\02-Areas\判例库\03-意外险\02-格式条款免责争议\判例\2018-川0107民初34号-伤残评定标准非免责条款-败诉.md","伤残评定标准,免责条款认定,保险责任范围,鉴定标准,举证责任","2018-川0107民初34号-伤残评定标准非免责条款-败诉"
"D:\Claude\wyt知识库\02-Areas\判例库\03-意外险\02-格式条款免责争议\判例\2018-粤04民终3220号-伤残评定标准条款效力-胜诉.md","伤残评定标准,免责条款认定,减轻保险人责任,提示说明义务,单方委托鉴定","2018-粤04民终3220号-伤残评定标准条款效力-胜诉"
"D:\Claude\wyt知识库\02-Areas\判例库\03-意外险\02-格式条款免责争议\判例\2019-渝01民终6932号-承保条件客观标准争议-胜诉.md","承保条件,客观标准,核保空白期,保险合同成立,建筑工程意外险","2019-渝01民终6932号-承保条件客观标准争议-胜诉"
"D:\Claude\wyt知识库\02-Areas\判例库\03-意外险\02-格式条款免责争议\判例\2019-渝02民终1885号-工程范围争议-胜诉.md","工程范围,如实告知,审查义务,建筑工程团体意外险,附属工程","2019-渝02民终1885号-工程范围争议-胜诉"
"D:\Claude\wyt知识库\02-Areas\判例库\03-意外险\02-格式条款免责争议\判例\2021-皖02民终799-格式条款免责争议-胜诉.md","众包骑手 美团 跨平台配送 意外险 免责条款提示说明义务","2021-皖02民终799-格式条款免责争议-胜诉"
"D:\Claude\wyt知识库\02-Areas\判例库\03-意外险\02-格式条款免责争议\判例\2021-苏02民终4276-格式条款免责争议-胜诉.md","超标电动车, 机动车认定, 格式条款, 不利解释原则, 免责条款, 学生意外险","2021-苏02民终4276-格式条款免责争议-胜诉"
"D:\Claude\wyt知识库\02-Areas\判例库\03-意外险\02-格式条款免责争议\判例\2022-沪74民终737-格式条款免责争议-胜诉.md","中暑 意外伤害 外来性 免责条款 团体意外险 格式条款解释","2022-沪74民终737-格式条款免责争议-胜诉"
"D:\Claude\wyt知识库\02-Areas\判例库\03-意外险\02-格式条款免责争议\判例\2023-豫0307民初5034-格式条款免责争议-二审维持.md","职业分类 互联网投保 格式条款 提示说明义务 货车司机","2023-豫0307民初5034-格式条款免责争议-二审维持"
"D:\Claude\wyt知识库\02-Areas\判例库\03-意外险\02-格式条款免责争议\判例\2024-兰考法院开封中院-比例赔付格式条款-胜诉.md","意外险 比例赔付 格式条款 免责条款 提示说明义务 伤残等级 保额赔付","2024-兰考法院开封中院-比例赔付格式条款-胜诉"
"D:\Claude\wyt知识库\02-Areas\判例库\03-意外险\02-格式条款免责争议\判例\2024-冀0682民初4212-格式条款免责争议-胜诉.md","意外险 免责条款 明确说明义务 高处作业 格式条款","2024-冀0682民初4212-格式条款免责争议-胜诉"
"D:\Claude\wyt知识库\02-Areas\判例库\03-意外险\02-格式条款免责争议\判例\2024-冀06民终5065-格式条款免责争议-维持原判.md","格式条款 高处作业 免责条款 提示说明义务 劳动能力鉴定 意外险 二审","2024-冀06民终5065-格式条款免责争议-维持原判"
"D:\Claude\wyt知识库\02-Areas\判例库\03-意外险\02-格式条款免责争议\判例\2025-内0821民初4096-格式条款免责争议-胜诉.md","医疗费补偿原则 意外医疗 重复赔付 格式条款 提示说明义务","2025-内0821民初4096-格式条款免责争议-胜诉"
"D:\Claude\wyt知识库\02-Areas\判例库\03-意外险\02-格式条款免责争议\判例\2025-北京金融法院-采松子高空作业免责-胜诉.md","格式条款 免责条款 高空作业 提示说明义务 报价单","2025-北京金融法院-采松子高空作业免责-胜诉"
"D:\Claude\wyt知识库\02-Areas\判例库\03-意外险\02-格式条款免责争议\判例\2025-商水县法院-杂技团老板坠落-格式条款免责争议-胜诉.md","职业类别 格式条款 提示说明义务 互联网投保 高空坠落","2025-商水县法院-杂技团老板坠落-格式条款免责争议-胜诉"
"D:\Claude\wyt知识库\02-Areas\判例库\03-意外险\02-格式条款免责争议\判例\2025-太仓市法院-外卖骑手送单摔倒-格式条款免责争议-胜诉.md","外卖骑手 特别约定 免责条款 提示说明义务 职业伤害 格式条款","2025-太仓市法院-外卖骑手送单摔倒-格式条款免责争议-胜诉"
"D:\Claude\wyt知识库\02-Areas\判例库\03-意外险\02-格式条款免责争议\判例\2025-宁04民终1198-格式条款免责争议-胜诉.md","挑衅行为 故意伤害 意外险 免责条款 举证责任 外出务工人员","2025-宁04民终1198-格式条款免责争议-胜诉"
"D:\Claude\wyt知识库\02-Areas\判例库\03-意外险\02-格式条款免责争议\判例\2025-川0904民初2982-格式条款免责争议-胜诉.md","高处作业 举证责任 团体意外险 建筑工程 伤残鉴定","2025-川0904民初2982-格式条款免责争议-胜诉"
"D:\Claude\wyt知识库\02-Areas\判例库\03-意外险\02-格式条款免责争议\判例\2025-新29民终2336-格式条款免责争议-二审维持.md","格式条款免责争议、团体意外险、电动车、机动车认定、格式条款解释、D驾照、匿名案件","2025-新29民终2336-格式条款免责争议-二审维持"
"D:\Claude\wyt知识库\02-Areas\判例库\03-意外险\02-格式条款免责争议\判例\2025-新疆十二师中院-格式条款免责争议-胜诉.md","格式条款 免责条款 提示说明义务 自动扣款 电子保单 事后保单 骑手意外险","2025-新疆十二师中院-格式条款免责争议-胜诉"
"D:\Claude\wyt知识库\02-Areas\判例库\03-意外险\02-格式条款免责争议\判例\2025-枣阳市法院襄阳中院-无证驾驶被撞非事故成因-格式条款免责争议-胜诉.md","无证驾驶 近因原则 格式条款 免责条款 交通事故 对方全责","2025-枣阳市法院襄阳中院-无证驾驶被撞非事故成因-格式条款免责争议-胜诉"
"D:\Claude\wyt知识库\02-Areas\判例库\03-意外险\02-格式条款免责争议\判例\2025-沪74民终177号-格式条款免责争议-胜诉.md","建筑工程团体意外险 免赔额 格式条款 提示说明义务 伤残鉴定 保险法第十七条","2025-沪74民终177号-格式条款免责争议-胜诉"
"D:\Claude\wyt知识库\02-Areas\判例库\03-意外险\02-格式条款免责争议\判例\2025-浙0726民初4414-格式条款免责争议-胜诉.md","车辆未年检 免责条款 提示说明义务 驾乘险 座位险 因果关系","2025-浙0726民初4414-格式条款免责争议-胜诉"
"D:\Claude\wyt知识库\02-Areas\判例库\03-意外险\02-格式条款免责争议\判例\2025-粤01民终21185-其他争议-二审维持.md","其他争议、驾乘意外险、交通事故、溺水死亡、诉讼时效、匿名案件","2025-粤01民终21185-其他争议-二审维持"
"D:\Claude\wyt知识库\02-Areas\判例库\03-意外险\02-格式条款免责争议\判例\2025-豫0727民初2373-格式条款免责争议-胜诉.md","意外险 团体意外险 高空作业 安全措施 工伤 格式条款","2025-豫0727民初2373-格式条款免责争议-胜诉"
"D:\Claude\wyt知识库\02-Areas\判例库\03-意外险\02-格式条款免责争议\判例\2025-豫10民终2652-其他争议-胜诉.md","顺风车 营运车辆 危险程度显著增加 驾乘险 举证责任","2025-豫10民终2652-其他争议-胜诉"
"D:\Claude\wyt知识库\02-Areas\判例库\03-意外险\02-格式条款免责争议\判例\2025-辽宁朝阳市中院-格式条款免责争议-胜诉.md","保险权益转让 人身保险 债权转让 评残标准 格式条款 提示说明义务 雇员","2025-辽宁朝阳市中院-格式条款免责争议-胜诉"
"D:\Claude\wyt知识库\02-Areas\判例库\03-意外险\02-格式条款免责争议\判例\2025-陕西凤县-格式条款免责争议-胜诉.md","格式条款 免责条款 提示说明义务 续保 学幼意外险 既往病症 白血病","2025-陕西凤县-格式条款免责争议-胜诉"
"D:\Claude\wyt知识库\02-Areas\判例库\03-意外险\02-格式条款免责争议\判例\2025-鲁06民终5866-格式条款免责争议-胜诉.md","伤残评定标准 行业标准 国家标准 免责条款 提示说明义务 团体意外险","2025-鲁06民终5866-格式条款免责争议-胜诉"
"D:\Claude\wyt知识库\02-Areas\判例库\03-意外险\02-格式条款免责争议\判例\2025-鲁06民终5918-格式条款免责争议-胜诉.md","诉讼时效 团体意外险 比例赔付 伤残鉴定 提示说明义务","2025-鲁06民终5918-格式条款免责争议-胜诉"
"D:\Claude\wyt知识库\02-Areas\判例库\03-意外险\02-格式条款免责争议\判例\2025-鲁0902民初6153-格式条款免责争议-胜诉.md","意外险 意外身故 失温死亡 精神障碍 免责条款 ICD-10 明确说明义务","2025-鲁0902民初6153-格式条款免责争议-胜诉"
"D:\Claude\wyt知识库\02-Areas\判例库\03-意外险\02-格式条款免责争议\判例\2026-北京金融法院-众包骑手猝死60万-格式条款免责争议-胜诉.md","众包骑手 实际投保人 隐性免责条款 工作时间和工作岗位 猝死 提示说明义务 格式条款","2026-北京金融法院-众包骑手猝死60万-格式条款免责争议-胜诉"
"D:\Claude\wyt知识库\02-Areas\判例库\03-意外险\02-格式条款免责争议\判例\2026-厦门思明中院-外卖骑手未年检拒赔-胜诉.md","外卖骑手 骑士综合险 未年检 无有效行驶证 格式条款免责 因果关系 加粗加黑提示 说明义务","2026-厦门思明中院-外卖骑手未年检拒赔-胜诉"
"D:\Claude\wyt知识库\02-Areas\判例库\03-意外险\02-格式条款免责争议\判例\2026-广西钦州钦北区法院-电动车机动车免责争议-胜诉.md","电动车 机动车 格式条款 免责条款 不利解释原则 普通人认知标准","2026-广西钦州钦北区法院-电动车机动车免责争议-胜诉"
"D:\Claude\wyt知识库\02-Areas\判例库\03-意外险\03-职业类别变更争议\判例\2022-冀0922民初406-职业类别变更争议-胜诉.md","职业类别 提示说明义务 意外险 司法鉴定 非医保用药 营运车司机","2022-冀0922民初406-职业类别变更争议-胜诉"
"D:\Claude\wyt知识库\02-Areas\判例库\03-意外险\03-职业类别变更争议\判例\2024-河南三门峡中院-砌墙工与投保工种不符-危险性未举证-胜诉.md","职业类别变更 工种不符 危险程度显著增加 举证责任 砌墙工 团体意外险","2024-河南三门峡中院-砌墙工与投保工种不符-危险性未举证-胜诉"
"D:\Claude\wyt知识库\02-Areas\判例库\03-意外险\03-职业类别变更争议\判例\2025-北京东城法院-临时焊接作业不构成职业变更-胜诉.md","职业类别变更 临时性工作 焊接作业 提示说明义务 意外险","2025-北京东城法院-临时焊接作业不构成职业变更-胜诉"
"D:\Claude\wyt知识库\02-Areas\判例库\03-意外险\03-职业类别变更争议\判例\2025-北京金融法院-互联网投保宽进严出拒赔无效-胜诉.md","职业类别变更 互联网投保 宽进严出 主动询问 放弃审核 职业选项","2025-北京金融法院-互联网投保宽进严出拒赔无效-胜诉"
"D:\Claude\wyt知识库\02-Areas\判例库\03-意外险\04-违法行为免责争议\判例\2017-苏06民终151-醉酒驾驶多因一果按比例赔付-部分胜诉.md","多因一果, 比例赔付, 醉酒驾驶, 原因力比例, 保险法司法解释三第二十五条","2017-苏06民终151-醉酒驾驶多因一果按比例赔付-部分胜诉"
"D:\Claude\wyt知识库\02-Areas\判例库\03-意外险\04-违法行为免责争议\判例\2022-冀0183民初5181-违法行为免责争议-胜诉.md","免责条款 提示说明义务 无证驾驶 格式条款 举证责任","2022-冀0183民初5181-违法行为免责争议-胜诉"
"D:\Claude\wyt知识库\02-Areas\判例库\03-意外险\04-违法行为免责争议\判例\2024-冀0635民初3655-违法行为免责争议-胜诉.md","酒驾 无证驾驶 违法行为免责 互联网投保 提示义务 近因原则 意外险 人脸识别","2024-冀0635民初3655-违法行为免责争议-胜诉"
"D:\Claude\wyt知识库\02-Areas\判例库\03-意外险\04-违法行为免责争议\判例\2024-河南华龙区法院-醉驾商业险免责有效-败诉参考.md","违法行为免责 醉驾 败诉参考 提示义务 加粗加黑 法律禁止性行为","2024-河南华龙区法院-醉驾商业险免责有效-败诉参考"
"D:\Claude\wyt知识库\02-Areas\判例库\03-意外险\04-违法行为免责争议\判例\2024-湖北建始县法院-酒驾商业险免责有效-败诉参考.md","违法行为免责 酒驾 商业险 交强险 败诉参考 提示义务 法律禁止性行为","2024-湖北建始县法院-酒驾商业险免责有效-败诉参考"
"D:\Claude\wyt知识库\02-Areas\判例库\03-意外险\04-违法行为免责争议\判例\2024-辽宁兴隆台法院-电动车属非机动车-无证驾驶免责不适用-胜诉.md","违法行为免责 电动车 非机动车 无证驾驶 免责条款 不利解释","2024-辽宁兴隆台法院-电动车属非机动车-无证驾驶免责不适用-胜诉"
"D:\Claude\wyt知识库\02-Areas\判例库\03-意外险\04-违法行为免责争议\判例\2025-冀06民终259-违法行为免责争议-调解.md","酒驾 无证驾驶 二审调解 意外险 互联网投保 提示义务 近因原则","2025-冀06民终259-违法行为免责争议-调解"
"D:\Claude\wyt知识库\02-Areas\判例库\03-意外险\04-违法行为免责争议\判例\2025-山东某法院-无证驾驶非事故成因-近因原则-胜诉.md","违法行为免责 无证驾驶 因果关系 近因原则 大货车全责","2025-山东某法院-无证驾驶非事故成因-近因原则-胜诉"
"D:\Claude\wyt知识库\02-Areas\判例库\03-意外险\04-违法行为免责争议\判例\2025-沪74民终119号-醉驾商业险拒赔-提示义务未履行-胜诉.md","违法行为免责 醉驾 提示义务 回溯视频 商业险 交强险","2025-沪74民终119号-醉驾商业险拒赔-提示义务未履行-胜诉"
"D:\Claude\wyt知识库\02-Areas\判例库\03-意外险\04-违法行为免责争议\判例\2025-豫09民终2665-违法行为免责争议-二审维持.md","违法行为免责争议、意外险、醉酒、交通事故、吸入性窒息、因果关系、匿名案件","2025-豫09民终2665-违法行为免责争议-二审维持"
"D:\Claude\wyt知识库\02-Areas\判例库\03-意外险\04-违法行为免责争议\判例\2025-贵阳中院-醉酒摔跌80万-违法行为免责争议-胜诉.md","醉酒 酗酒 近因原则 二审改判 违法行为 免责条款 提示说明义务","2025-贵阳中院-醉酒摔跌80万-违法行为免责争议-胜诉"
"D:\Claude\wyt知识库\02-Areas\判例库\03-意外险\05-投保人利益关系争议\判例\(2024)沪74民终1633号-劳动关系争议-胜诉.md","劳动关系 保险利益 举证责任 团体意外险 工伤","(2024)沪74民终1633号-劳动关系争议-胜诉"
"D:\Claude\wyt知识库\02-Areas\判例库\03-意外险\05-投保人利益关系争议\判例\2012-黄浦民五商初1868-投保人利益关系争议-胜诉.md","受益人杀害被保险人, 保险金请求权, 继承人, 法定受益人, 故意杀人, 免责条款","2012-黄浦民五商初1868-投保人利益关系争议-胜诉"
"D:\Claude\wyt知识库\02-Areas\判例库\03-意外险\05-投保人利益关系争议\判例\2018-川13民终1524号-建工团体险被保险人认定-胜诉.md","建工团体险,被保险人认定,劳动关系,不利解释原则,举证责任,农民工","2018-川13民终1524号-建工团体险被保险人认定-胜诉"
"D:\Claude\wyt知识库\02-Areas\判例库\03-意外险\05-投保人利益关系争议\判例\2019-苏01民终9385号-名义投保人争议-胜诉.md","名义投保人,实际投保人,保险利益,团体意外险,保险合同效力","2019-苏01民终9385号-名义投保人争议-胜诉"
"D:\Claude\wyt知识库\02-Areas\判例库\03-意外险\05-投保人利益关系争议\判例\2021-冀0183民初4434-投保人利益关系争议-胜诉.md","保险利益 合同无效 团体意外险 最大诚信原则 投保人关系 刑事犯罪","2021-冀0183民初4434-投保人利益关系争议-胜诉"
"D:\Claude\wyt知识库\02-Areas\判例库\03-意外险\05-投保人利益关系争议\判例\2022-冀01民终8283-其他争议-二审维持.md","团体意外险 保险利益 合同效力 损害补偿原则 最大诚信","2022-冀01民终8283-其他争议-二审维持"
"D:\Claude\wyt知识库\02-Areas\判例库\03-意外险\05-投保人利益关系争议\判例\2023-冀0632民初3213-其他争议-胜诉.md","团体意外险 保险利益 被保险人清单 鉴定费","2023-冀0632民初3213-其他争议-胜诉"
"D:\Claude\wyt知识库\02-Areas\判例库\03-意外险\06-其他争议\判例\158-2020粤0105民初23689号-重复购买多份保险-胜诉.md","重复购买,重复保险,损失补偿原则,意外险,互联网投保","158-2020粤0105民初23689号-重复购买多份保险-胜诉"
"D:\Claude\wyt知识库\02-Areas\判例库\03-意外险\06-其他争议\判例\2011-闵民四商初135-其他争议-胜诉.md","近因原则 原因竞合 举证责任 意外伤害 脑出血 高血压","2011-闵民四商初135-其他争议-胜诉"
"D:\Claude\wyt知识库\02-Areas\判例库\03-意外险\06-其他争议\判例\2012-金堂民初1820-学平险不适用损失补偿原则-胜诉.md","学生平安保险,学平险,损失补偿原则,人身保险,比例表,七级以下伤残,双重赔偿","2012-金堂民初1820-学平险不适用损失补偿原则-胜诉"
"D:\Claude\wyt知识库\02-Areas\判例库\03-意外险\06-其他争议\判例\2017-京04民终31-多因一果原因力比例赔付-部分胜诉.md","多因一果，原因力比例，比例赔付，意外伤害，自身疾病，保险法司法解释三","2017-京04民终31-多因一果原因力比例赔付-部分胜诉"
"D:\Claude\wyt知识库\02-Areas\判例库\03-意外险\06-其他争议\判例\2018-闽02民终3564号-工伤保险护理期-胜诉.md","工伤保险待遇,护理期,停工留薪期,仲裁前置,不可分性","2018-闽02民终3564号-工伤保险护理期-胜诉"
"D:\Claude\wyt知识库\02-Areas\判例库\03-意外险\06-其他争议\判例\2024-新疆柯坪法院-两份意外险叠加赔付-胜诉.md","意外险 叠加赔付 多份保险 猝死","2024-新疆柯坪法院-两份意外险叠加赔付-胜诉"
"D:\Claude\wyt知识库\02-Areas\判例库\03-意外险\06-其他争议\判例\2024-江苏常熟法院-损失补偿原则-胜诉.md","意外险 损失补偿 双重赔偿 建筑工人","2024-江苏常熟法院-损失补偿原则-胜诉"
"D:\Claude\wyt知识库\02-Areas\判例库\03-意外险\06-其他争议\判例\2025-内蒙古达拉特旗法院-双重赔偿-胜诉.md","意外险 损失补偿原则 双重赔偿 侵权","2025-内蒙古达拉特旗法院-双重赔偿-胜诉"
"D:\Claude\wyt知识库\02-Areas\判例库\03-意外险\06-其他争议\判例\2025-南京六合法院-团体险变更生效时间-胜诉.md","意外险 团体险 被保险人变更 生效时间","2025-南京六合法院-团体险变更生效时间-胜诉"
"D:\Claude\wyt知识库\02-Areas\判例库\03-意外险\06-其他争议\判例\2025-豫1426民初8829-其他争议-胜诉.md","意外险 其他争议 匿名案件 职业类别 意外伤害","2025-豫1426民初8829-其他争议-胜诉"
"D:\Claude\wyt知识库\02-Areas\判例库\03-意外险\06-其他争议\判例\2025-豫17民终4233-其他争议-二审维持.md","其他争议、学生意外险、溺水死亡、自杀免责、举证责任、匿名案件","2025-豫17民终4233-其他争议-二审维持"
"D:\Claude\wyt知识库\02-Areas\判例库\03-意外险\06-其他争议\判例\2026-安徽潜山法院-侵权赔偿不折抵-胜诉.md","意外险 侵权赔偿 折抵 损失填平","2026-安徽潜山法院-侵权赔偿不折抵-胜诉"
"D:\Claude\wyt知识库\02-Areas\判例库\03-意外险\07-受益人争议\判例\2024-桂0181民初XXXX-投保人非受益人无权主张-败诉.md","受益人争议 投保人 受益人 保险金请求权 诉讼主体资格","2024-桂0181民初XXXX-投保人非受益人无权主张-败诉"
"D:\Claude\wyt知识库\02-Areas\判例库\03-意外险\07-受益人争议\判例\受益人写妻子姓名身份关系变化认定未指定案.md","受益人 姓名 身份关系 离婚 司法解释三第9条 遗产","受益人写妻子姓名身份关系变化认定未指定案"
"D:\Claude\wyt知识库\02-Areas\判例库\03-意外险\07-受益人争议\判例\陈某多份保单指定与未指定受益人区分案.md","指定受益人 未指定受益人 遗产 保险金归属 保险法第42条 同一被保险人","陈某多份保单指定与未指定受益人区分案"
"D:\Claude\wyt知识库\02-Areas\判例库\03-意外险\08-意外定义争议\07-意外定义争议\判例\2026-宁夏固原中院-精神病人噎食窒息-意外定义争议-胜诉.md","意外伤害定义 噎食窒息 突发性 外来性 非本意性 精神疾病 因果关系 格式条款","2026-宁夏固原中院-精神病人噎食窒息-意外定义争议-胜诉"
"D:\Claude\wyt知识库\02-Areas\判例库\03-意外险\08-意外定义争议\07-意外定义争议\判例\关于意外定义争议判例补充说明.md","精神障碍 免责条款 意外险 不利解释原则","关于意外定义争议判例补充说明"
"D:\Claude\wyt知识库\02-Areas\判例库\03-意外险\08-意外定义争议\07-意外定义争议\判例\出租屋内死亡猝死vs意外案.md","猝死 意外伤害 高度盖然性 举证责任 死因不明 双重责任","出租屋内死亡猝死vs意外案"
"D:\Claude\wyt知识库\02-Areas\判例库\03-意外险\08-意外定义争议\07-意外定义争议\判例\吃馒头噎死意外险认定案.md","猝死 噎死 意外伤害 免责条款 提示说明义务 死亡原因","吃馒头噎死意外险认定案"
"D:\Claude\wyt知识库\02-Areas\判例库\03-意外险\08-意外定义争议\07-意外定义争议\判例\外卖骑手猝死拒赔胜诉案.md","猝死 外卖骑手 免责条款 互联网投保 提示说明义务 高血压 60万","外卖骑手猝死拒赔胜诉案"
"D:\Claude\wyt知识库\02-Areas\判例库\03-意外险\08-意外定义争议\07-意外定义争议\判例\热射病死亡认定意外案.md","热射病 意外伤害 意外定义 不利解释原则 保险法第30条 中暑","热射病死亡认定意外案"
"D:\Claude\wyt知识库\02-Areas\判例库\03-意外险\08-意外定义争议\07-意外定义争议\判例\走路倒地死亡未尸检意外险案.md","未尸检 倒地 死因不明 意外伤害 监控 举证责任","走路倒地死亡未尸检意外险案"
"D:\Claude\wyt知识库\02-Areas\判例库\03-意外险\08-意外定义争议\07-意外定义争议\判例\醉酒摔跌死亡两全险二审改判案.md","酗酒 两全险 免责条款 明确说明 二审改判 80万","醉酒摔跌死亡两全险二审改判案"
"D:\Claude\wyt知识库\02-Areas\判例库\03-意外险\08-意外定义争议\07-意外定义争议\判例\马拉松猝死意外险认定案.md","马拉松 猝死 呼吸心跳骤停 意外伤害 举证责任 疾病 vs 意外","马拉松猝死意外险认定案"
"D:\Claude\wyt知识库\02-Areas\判例库\03-意外险\08-意外定义争议\07-意外定义争议\判例\高坠死亡意外险调解案.md","高坠 死亡证明 举证责任 意外险 调解 40万","高坠死亡意外险调解案"
"D:\Claude\wyt知识库\02-Areas\判例库\03-意外险\08-意外定义争议\判例\(2025)冀11民终1956号-其他争议-维持原判.md","意外险、司乘无忧、保险期间、缴费即生效、格式条款、猝死、创伤性猝死","(2025)冀11民终1956号-其他争议-维持原判"
"D:\Claude\wyt知识库\02-Areas\判例库\03-意外险\08-意外定义争议\判例\(2025)湘01民终13008号-意外伤害定义举证责任-维持原判赔20万.md","意外伤害定义, 举证责任分配, 剪刀剪耳, 九级伤残, 高度盖然性, 初步举证义务, 事后推测, 不利解释原则, 匿名案件","(2025)湘01民终13008号-意外伤害定义举证责任-维持原判赔20万"
"D:\Claude\wyt知识库\02-Areas\判例库\03-意外险\08-意外定义争议\判例\(2025)粤0304民初18018号-猝死24小时限制条款-败诉.md","意外定义争议 猝死 24小时限制条款 责任范围约定 免责条款 提示说明义务 败诉","(2025)粤0304民初18018号-猝死24小时限制条款-败诉"
"D:\Claude\wyt知识库\02-Areas\判例库\03-意外险\08-意外定义争议\判例\(2025)鲁06民终5922号-马拉松摔倒猝死呼吸心跳骤停-维持原判赔883315元.md","意外伤害定义, 呼吸心跳骤停, 猝死, 马拉松赛事, 死亡状态vs死因, 举证责任分配, 急性病, 团体意外险, 匿名案件","(2025)鲁06民终5922号-马拉松摔倒猝死呼吸心跳骤停-维持原判赔883315元"
"D:\Claude\wyt知识库\02-Areas\判例库\03-意外险\08-意外定义争议\判例\(2025)黑01民终7037号-其他争议-维持原判.md","意外险、代驾意外险、保险期间、后续治疗费、因果关系、延续治疗","(2025)黑01民终7037号-其他争议-维持原判"
"D:\Claude\wyt知识库\02-Areas\判例库\03-意外险\08-意外定义争议\判例\160-2020新2826民初1153号-间接证据认定意外死亡-胜诉.md","间接证据,证据链,意外死亡认定,举证责任,意外险","160-2020新2826民初1153号-间接证据认定意外死亡-胜诉"
"D:\Claude\wyt知识库\02-Areas\判例库\03-意外险\08-意外定义争议\判例\164-2019渝05民终8699号-法定继承人协助死因调查-败诉.md","死因调查,尸检义务,配合调查,举证责任,死亡原因不明","164-2019渝05民终8699号-法定继承人协助死因调查-败诉"
"D:\Claude\wyt知识库\02-Areas\判例库\03-意外险\08-意外定义争议\判例\165-2019津03民终2457号-举证责任再平衡-胜诉.md","举证责任,举证能力,休克死亡,意外事故,因果关系","165-2019津03民终2457号-举证责任再平衡-胜诉"
"D:\Claude\wyt知识库\02-Areas\判例库\03-意外险\08-意外定义争议\判例\2010-浦民六商初674-其他争议-胜诉.md","猝死, 意外伤害, 举证责任, 尸检, 疾病死亡","2010-浦民六商初674-其他争议-胜诉"
"D:\Claude\wyt知识库\02-Areas\判例库\03-意外险\08-意外定义争议\判例\2012-茂中法民四终77-猝死举证责任分配-胜诉.md","猝死,意外伤害,举证责任分配,初步举证,格式条款解释,非病理性猝死","2012-茂中法民四终77-猝死举证责任分配-胜诉"
"D:\Claude\wyt知识库\02-Areas\判例库\03-意外险\08-意外定义争议\判例\2015-曲少民终106-自杀意外举证责任-胜诉.md","意外定义、自杀认定、举证责任分配、排除他杀、高坠死亡、格式条款解释","2015-曲少民终106-自杀意外举证责任-胜诉"
"D:\Claude\wyt知识库\02-Areas\判例库\03-意外险\08-意外定义争议\判例\2015-鄂宜昌中民二终00345-意外死亡举证责任分配-胜诉.md","意外伤害，举证责任分配，一切险减去除外责任，初步举证，除外责任，消极事实","2015-鄂宜昌中民二终00345-意外死亡举证责任分配-胜诉"
"D:\Claude\wyt知识库\02-Areas\判例库\03-意外险\08-意外定义争议\判例\2017-苏0903民初6571号-原因意外结果意外-败诉.md","原因意外,结果意外,意外伤害定义,举证责任,脑出血","2017-苏0903民初6571号-原因意外结果意外-败诉"
"D:\Claude\wyt知识库\02-Areas\判例库\03-意外险\08-意外定义争议\判例\2018-川0113民初3058号-恶劣工况突发死亡-胜诉.md","意外死亡推定,恶劣工况,举证责任,逻辑推理,经验法则,未及时报案","2018-川0113民初3058号-恶劣工况突发死亡-胜诉"
"D:\Claude\wyt知识库\02-Areas\判例库\03-意外险\08-意外定义争议\判例\2018-桂01民终57-猝死不认定意外-败诉.md","猝死, 意外伤害认定, 举证责任, 事实推定, 经验法则, 死因鉴定","2018-桂01民终57-猝死不认定意外-败诉"
"D:\Claude\wyt知识库\02-Areas\判例库\03-意外险\08-意外定义争议\判例\2018-皖08民终1604-无死因鉴定意外死亡认定-胜诉.md","意外死亡认定, 死因鉴定, 举证责任, 保险合同约定鉴定权利","2018-皖08民终1604-无死因鉴定意外死亡认定-胜诉"
"D:\Claude\wyt知识库\02-Areas\判例库\03-意外险\08-意外定义争议\判例\2019-苏0282民初10106号-死因不明举证责任-胜诉.md","死因不明,举证责任,意外死亡,初步证明义务,残疾人团体意外险","2019-苏0282民初10106号-死因不明举证责任-胜诉"
"D:\Claude\wyt知识库\02-Areas\判例库\03-意外险\08-意外定义争议\判例\2024-冀0481民初5175-其他争议-二审维持.md","猝死 意外险 年龄限制 免责条款 未如实告知","2024-冀0481民初5175-其他争议-二审维持"
"D:\Claude\wyt知识库\02-Areas\判例库\03-意外险\08-意外定义争议\判例\2024-武汉东湖新技术开发区法院-猝死超24小时-胜诉.md","意外定义争议 猝死 24小时限制条款 抢救时间 不利解释原则 格式条款 强制阅读提示义务 歧义解释","2024-武汉东湖新技术开发区法院-猝死超24小时-胜诉"
"D:\Claude\wyt知识库\02-Areas\判例库\03-意外险\08-意外定义争议\判例\2025-上海松江法院-外卖小哥猝死调解-胜诉.md","猝死 意外定义 众包外卖员 工作状态认定 调解","2025-上海松江法院-外卖小哥猝死调解-胜诉"
"D:\Claude\wyt知识库\02-Areas\判例库\03-意外险\08-意外定义争议\判例\2025-上海浦东法院-馒头噎死近因原则-意外定义争议-胜诉.md","猝死 意外伤害 近因原则 举证责任 噎食 调解","2025-上海浦东法院-馒头噎死近因原则-意外定义争议-胜诉"
"D:\Claude\wyt知识库\02-Areas\判例库\03-意外险\08-意外定义争议\判例\2025-上海金融法院-韦某出租屋猝死-猝死保险金-部分胜诉.md","意外定义争议 猝死 猝死保险金 举证责任 鉴定意见 不排除猝死","2025-上海金融法院-韦某出租屋猝死-猝死保险金-部分胜诉"
"D:\Claude\wyt知识库\02-Areas\判例库\03-意外险\08-意外定义争议\判例\2025-冀11民终1956-其他争议-二审维持.md","其他争议、司乘无忧意外险、保险期间、猝死、缴费即生效、匿名案件","2025-冀11民终1956-其他争议-二审维持"
"D:\Claude\wyt知识库\02-Areas\判例库\03-意外险\08-意外定义争议\判例\2025-洪湖市法院-外卖骑手撞台阶猝死-胜诉.md","意外定义争议 猝死 外卖骑手 众包 免责条款 提示说明义务 主动撤回上诉","2025-洪湖市法院-外卖骑手撞台阶猝死-胜诉"
"D:\Claude\wyt知识库\02-Areas\判例库\03-意外险\08-意外定义争议\判例\2025-湘01民终13008-其他争议-胜诉.md","意外伤害认定 举证责任 高度盖然性 剪刀剪耳 互联网保险","2025-湘01民终13008-其他争议-胜诉"
"D:\Claude\wyt知识库\02-Areas\判例库\03-意外险\08-意外定义争议\判例\2025-芜湖镜湖区法院-施工摔倒死亡-胜诉.md","意外险 团体险 施工 摔倒 举证责任","2025-芜湖镜湖区法院-施工摔倒死亡-胜诉"
"D:\Claude\wyt知识库\02-Areas\判例库\03-意外险\08-意外定义争议\判例\2025-醴陵市法院-老人摔倒死亡举证责任-意外定义争议-胜诉.md","意外定义 举证责任 意外伤害 初步举证 鉴定义务","2025-醴陵市法院-老人摔倒死亡举证责任-意外定义争议-胜诉"
"D:\Claude\wyt知识库\02-Areas\判例库\03-意外险\08-意外定义争议\判例\2025-黑01民终7037-其他争议-二审维持.md","其他争议、代驾意外险、保险期间、后续治疗、因果关系、匿名案件","2025-黑01民终7037-其他争议-二审维持"
"D:\Claude\wyt知识库\02-Areas\判例库\03-意外险\08-意外定义争议\判例\2026-上海金融法院-老人摔倒意外定义争议-胜诉.md","意外伤害 意外定义 摔倒死亡 举证责任 初步举证义务 老年人意外险","2026-上海金融法院-老人摔倒意外定义争议-胜诉"
"D:\Claude\wyt知识库\02-Areas\判例库\03-意外险\08-意外定义争议\判例\2026-嘉禾郴州-意外身故比例赔付-部分胜诉.md","意外身故 猝死 比例赔付 免责条款说明义务 尸检 多家保险公司 难以确定 按比例支持","2026-嘉禾郴州-意外身故比例赔付-部分胜诉"
"D:\Claude\wyt知识库\02-Areas\判例库\03-意外险\10-诉讼时效争议\判例\2021-长沙芙蓉区法院-诉讼时效争议-胜诉.md","诉讼时效 拖延理赔 拒赔通知 时效起算 保险公司懈怠","2021-长沙芙蓉区法院-诉讼时效争议-胜诉"
"D:\Claude\wyt知识库\02-Areas\判例库\03-意外险\10-诉讼时效争议\判例\于某团体险诉讼时效起算案.md","诉讼时效 起算点 团体意外险 不知晓保险合同 公平原则 保险事故定义","于某团体险诉讼时效起算案"
"D:\Claude\wyt知识库\02-Areas\判例库\03-意外险\10-诉讼时效争议\判例\张某意外险诉讼时效起算案.md","诉讼时效 起算点 意外伤害险 伤残程度确定 劳动能力鉴定 时效中断","张某意外险诉讼时效起算案"
"D:\Claude\wyt知识库\02-Areas\判例库\03-意外险\11-承保前出险争议\判例\2001-河南西平县法院-承保前出险-调解.md","承保前出险 格式条款无效 未签单 部分理赔 调解","2001-河南西平县法院-承保前出险-调解"
"D:\Claude\wyt知识库\02-Areas\判例库\03-意外险\11-承保前出险争议\判例\2023-如皋市法院-承保前出险-胜诉.md","承保前出险 保险人调查义务 死亡原因不明 电话无人接听 举证责任","2023-如皋市法院-承保前出险-胜诉"
"D:\Claude\wyt知识库\02-Areas\判例库\03-意外险\11-承保前出险争议\判例\2026-温宿县法院-承保前出险-胜诉.md","承保前出险 合同成立时点 保险期间 缴费即承保 管理过失","2026-温宿县法院-承保前出险-胜诉"
"D:\Claude\wyt知识库\02-Areas\判例库\03-意外险\11-承保前出险争议\判例\彭某团体险核保期间出险案.md","承保前出险 收取保费 退费 合同成立 举证责任 团体建工险 既往交易","彭某团体险核保期间出险案"
"D:\Claude\wyt知识库\02-Areas\判例库\03-意外险\11-承保前出险争议\判例\批量案例1.md","承保前出险 核保期间 合同成立 收取保费 举证责任","批量案例1"
"D:\Claude\wyt知识库\02-Areas\判例库\03-意外险\11-承保前出险争议\判例\批量案例10.md","承保前出险 核保期间 合同成立 收取保费 举证责任","批量案例10"
"D:\Claude\wyt知识库\02-Areas\判例库\03-意外险\11-承保前出险争议\判例\批量案例2.md","承保前出险 核保期间 合同成立 收取保费 举证责任","批量案例2"
"D:\Claude\wyt知识库\02-Areas\判例库\03-意外险\11-承保前出险争议\判例\批量案例3.md","承保前出险 核保期间 合同成立 收取保费 举证责任","批量案例3"
"D:\Claude\wyt知识库\02-Areas\判例库\03-意外险\11-承保前出险争议\判例\批量案例4.md","承保前出险 核保期间 合同成立 收取保费 举证责任","批量案例4"
"D:\Claude\wyt知识库\02-Areas\判例库\03-意外险\11-承保前出险争议\判例\批量案例5.md","承保前出险 核保期间 合同成立 收取保费 举证责任","批量案例5"
"D:\Claude\wyt知识库\02-Areas\判例库\03-意外险\11-承保前出险争议\判例\批量案例6.md","承保前出险 核保期间 合同成立 收取保费 举证责任","批量案例6"
"D:\Claude\wyt知识库\02-Areas\判例库\03-意外险\11-承保前出险争议\判例\批量案例7.md","承保前出险 核保期间 合同成立 收取保费 举证责任","批量案例7"
"D:\Claude\wyt知识库\02-Areas\判例库\03-意外险\11-承保前出险争议\判例\批量案例8.md","承保前出险 核保期间 合同成立 收取保费 举证责任","批量案例8"
"D:\Claude\wyt知识库\02-Areas\判例库\03-意外险\11-承保前出险争议\判例\批量案例9.md","承保前出险 核保期间 合同成立 收取保费 举证责任","批量案例9"
"D:\Claude\wyt知识库\02-Areas\判例库\03-意外险\12-第三方侵权代位求偿\判例\159-2020浙06民终4829号-保险金请求权转让-败诉.md","保险金请求权转让,受益权转让,人身保险,继承人,债权转让","159-2020浙06民终4829号-保险金请求权转让-败诉"
"D:\Claude\wyt知识库\02-Areas\判例库\03-意外险\12-第三方侵权代位求偿\判例\163-2019苏06民终1165号-保险金请求权转让第三人-败诉.md","保险金请求权转让,人身专属性,工伤赔偿,团体意外险,债权转让","163-2019苏06民终1165号-保险金请求权转让第三人-败诉"
"D:\Claude\wyt知识库\02-Areas\判例库\03-意外险\12-第三方侵权代位求偿\判例\2018-陕10民终42-保险金请求权转让-胜诉.md","保险金请求权转让, 团体意外险, 特种作业, 免责条款提示说明义务","2018-陕10民终42-保险金请求权转让-胜诉"
"D:\Claude\wyt知识库\02-Areas\判例库\03-意外险\12-第三方侵权代位求偿\判例\2024-某法院-代位求偿-胜诉.md","第三方侵权 代位求偿 双重赔偿 损失补偿原则 人身保险","2024-某法院-代位求偿-胜诉"
"D:\Claude\wyt知识库\02-Areas\判例库\03-意外险\12-第三方侵权代位求偿\判例\2024-湖南华容县法院-代位求偿-败诉.md","第三方侵权 代位求偿 免责协议 权利放弃 权利基础丧失","2024-湖南华容县法院-代位求偿-败诉"
"D:\Claude\wyt知识库\02-Areas\判例库\03-意外险\12-第三方侵权代位求偿\判例\李某第三方侵权案.md","第三方侵权 意外险 请求权竞合 司法解释二第19条 保险法第46条 双重赔偿","李某第三方侵权案"
"D:\Claude\wyt知识库\02-Areas\判例库\03-意外险\12-第三方侵权代位求偿\判例\李某第三方侵权获双倍赔偿案.md","高处作业 免责条款 加粗 提示义务 保险法第17条","李某第三方侵权获双倍赔偿案"
"D:\Claude\wyt知识库\02-Areas\判例库\03-意外险\12-第三方侵权代位求偿\判例\跌倒溺亡未告知高血压无因果关系案.md","跌倒溺亡 高血压 抑郁症 未如实告知 因果关系 意外险","跌倒溺亡未告知高血压无因果关系案"
"D:\Claude\wyt知识库\02-Areas\判例库\03-意外险\13-伤残评定争议\判例\2016-苏02民终4198-鉴定意见不具有唯一性-胜诉.md","鉴定意见，证据效力，唯一性，酒后驾车，血液乙醇，乙基葡萄糖醛酸苷，举证责任","2016-苏02民终4198-鉴定意见不具有唯一性-胜诉"
"D:\Claude\wyt知识库\02-Areas\判例库\03-意外险\13-伤残评定争议\判例\2016-苏02民终4756-超鉴定期间不免责-胜诉.md","伤残鉴定期限, 180日鉴定期间, 责任免除, 鉴定结论效力","2016-苏02民终4756-超鉴定期间不免责-胜诉"
"D:\Claude\wyt知识库\02-Areas\判例库\03-意外险\13-伤残评定争议\判例\2018-苏0903民初503-未按约定伤残评定-胜诉.md","意外伤害, 伤残评定, 工伤标准, 交通事故标准, 给付比例, 计算方式","2018-苏0903民初503-未按约定伤残评定-胜诉"
"D:\Claude\wyt知识库\02-Areas\判例库\03-意外险\13-伤残评定争议\判例\2024-沪74民终1899号-伤残评定-胜诉.md","伤残评定 电子投保 勾选已阅读 提示义务 行业标准 免责条款","2024-沪74民终1899号-伤残评定-胜诉"
"D:\Claude\wyt知识库\02-Areas\判例库\03-意外险\13-伤残评定争议\判例\2025-菏泽中院-伤残评定-胜诉.md","伤残评定 行业标准 国家标准 加粗标红 免责条款 电子投保","2025-菏泽中院-伤残评定-胜诉"
"D:\Claude\wyt知识库\02-Areas\判例库\03-意外险\13-伤残评定争议\判例\2025-豫0928民初5441号-伤残评定-胜诉.md","伤残评定 格式条款 行业标准 国家标准 条款不产生效力","2025-豫0928民初5441号-伤残评定-胜诉"
"D:\Claude\wyt知识库\02-Areas\判例库\03-意外险\13-伤残评定争议\判例\上海金融法院单方委托鉴定效力案.md","单方委托鉴定 鉴定效力 免责条款 电子投保 链接提示 伤残评定标准","上海金融法院单方委托鉴定效力案"
"D:\Claude\wyt知识库\02-Areas\判例库\03-意外险\13-伤残评定争议\判例\上海金融法院重新鉴定一次为限案.md","重新鉴定 一次为限 证据规则 十级伤残 鉴定效力","上海金融法院重新鉴定一次为限案"
"D:\Claude\wyt知识库\02-Areas\判例库\03-意外险\13-伤残评定争议\判例\临清市法院伤残评定标准适用案.md","伤残评定 人体损伤致残程度分级 人身保险伤残评定标准 标准冲突 重新鉴定","临清市法院伤残评定标准适用案"
"D:\Claude\wyt知识库\02-Areas\判例库\03-意外险\13-伤残评定争议\判例\旬阳市法院合同约定标准优先案.md","伤残评定 合同约定 意思自治 保险责任范围 商业保险 vs 工伤 九级伤残","旬阳市法院合同约定标准优先案"
"D:\Claude\wyt知识库\02-Areas\判例库\04-寿险\01-格式条款免责争议\判例\2014-沪二中民六商终38-代理人虚假宣传-胜诉.md","虚假宣传、重大误解、合同撤销、代理人误导、犹豫期、手续费扣除","2014-沪二中民六商终38-代理人虚假宣传-胜诉"
"D:\Claude\wyt知识库\02-Areas\判例库\04-寿险\01-格式条款免责争议\判例\2014-盐商终0529-附加险免责争议-胜诉.md","主险、附加险、免责条款、提示说明义务、意外事故定义、猝死","2014-盐商终0529-附加险免责争议-胜诉"
"D:\Claude\wyt知识库\02-Areas\判例库\04-寿险\01-格式条款免责争议\判例\2016-渝03民终2470-拖延理赔-胜诉.md","拖延理赔、核定期间、赔付利息损失、补充资料、团体人身险","2016-渝03民终2470-拖延理赔-胜诉"
"D:\Claude\wyt知识库\02-Areas\判例库\04-寿险\01-格式条款免责争议\判例\2017-苏02民终5547-保单与条款抵触-胜诉.md","保单与条款抵触、生存保险金、保险单效力、合同变更、格式条款","2017-苏02民终5547-保单与条款抵触-胜诉"
"D:\Claude\wyt知识库\02-Areas\判例库\04-寿险\01-格式条款免责争议\判例\2018-苏02民终2471-手写内容效力-胜诉.md","手写内容效力、格式条款变更、笔误抗辩、有利于被保险人解释、养老保险","2018-苏02民终2471-手写内容效力-胜诉"
"D:\Claude\wyt知识库\02-Areas\判例库\04-寿险\01-格式条款免责争议\判例\2019-粤0983民初463-宣告死亡事实免责-胜诉.md","宣告死亡、事实免责情形、明确说明义务、保险期间、两全保险","2019-粤0983民初463-宣告死亡事实免责-胜诉"
"D:\Claude\wyt知识库\02-Areas\判例库\04-寿险\01-格式条款免责争议\判例\2020-京01民终8583-保单记载内容冲突-胜诉.md","格式条款争议、保险单记载、笔误抗辩、有利于被保险人解释、缴费期限","2020-京01民终8583-保单记载内容冲突-胜诉"
"D:\Claude\wyt知识库\02-Areas\判例库\04-寿险\01-格式条款免责争议\判例\2022-辽0105民初6212-格式条款免责争议-部分胜诉.md","寿险 意外险 电动车 机动车 酒后驾驶 无证驾驶 格式条款 不利解释原则","2022-辽0105民初6212-格式条款免责争议-部分胜诉"
"D:\Claude\wyt知识库\02-Areas\判例库\04-寿险\02-复效保单效力争议\判例\2017-京04民终104-复效期间半强制性-胜诉.md","复效保单、半强制性条款、二年期间、合同约定优先、投保人利益保护","2017-京04民终104-复效期间半强制性-胜诉"
"D:\Claude\wyt知识库\02-Areas\判例库\04-寿险\02-复效保单效力争议\判例\2019-京0105民初30946-复效保单效力争议-败诉.md","复效保单、等待期、如实告知、保险合同复效、保险从业人员","2019-京0105民初30946-复效保单效力争议-败诉"
"D:\Claude\wyt知识库\02-Areas\判例库\04-寿险\02-复效保单效力争议\判例\2023-冀8601民初1171-复效保单效力争议-胜诉.md","复效 保单效力中止 司法解释三第8条 心理健康 高血压","2023-冀8601民初1171-复效保单效力争议-胜诉"
"D:\Claude\wyt知识库\02-Areas\判例库\04-寿险\02-复效保单效力争议\判例\周某投保前疾病拒绝复效案.md","保单复效 拒绝复效 投保前疾病 司法解释三第8条 危险程度显著增加 中止期间","周某投保前疾病拒绝复效案"
"D:\Claude\wyt知识库\02-Areas\判例库\04-寿险\03-其他争议\判例\(2025)苏02民终4789号-限制民事行为能力人合同无效-维持原判.md","寿险, 增额终身寿险, 限制民事行为能力人, 合同无效, 痴呆, 阿尔兹海默病, 匿名案件","(2025)苏02民终4789号-限制民事行为能力人合同无效-维持原判"
"D:\Claude\wyt知识库\02-Areas\判例库\04-寿险\03-其他争议\判例\(2025)豫08民终2675号-除斥期间撤销权消灭-维持原判.md","寿险, 终身寿险, 两全保险, 销售误导, 撤销权, 除斥期间, 匿名案件","(2025)豫08民终2675号-除斥期间撤销权消灭-维持原判"
"D:\Claude\wyt知识库\02-Areas\判例库\04-寿险\03-其他争议\判例\2004-南中法民终13-其他争议-部分胜诉.md","代签名, 禁止反言, 未如实告知, 保险合同效力, 简易人身保险, 既往病史","2004-南中法民终13-其他争议-部分胜诉"
"D:\Claude\wyt知识库\02-Areas\判例库\04-寿险\03-其他争议\判例\2016-京7101民初20-合同条款变更-败诉.md","合同自治、条款变更、不利解释原则、情势变更、保单借款利率","2016-京7101民初20-合同条款变更-败诉"
"D:\Claude\wyt知识库\02-Areas\判例库\04-寿险\03-其他争议\判例\2017-皖04民终742-胎儿权益争议-胜诉.md","胎儿权益、遗腹子、被扶养人生活费、儿童最大利益原则、民事权利能力","2017-皖04民终742-胎儿权益争议-胜诉"
"D:\Claude\wyt知识库\02-Areas\判例库\04-寿险\03-其他争议\判例\2025-冀0130民初1561-其他争议-调解.md","两全保险 交通事故 意外身故 调解","2025-冀0130民初1561-其他争议-调解"
"D:\Claude\wyt知识库\02-Areas\判例库\04-寿险\03-其他争议\判例\2025-苏02民终4789-其他争议-胜诉.md","阿尔兹海默症 限制民事行为能力 合同无效 保费返还 双录视频 痴呆","2025-苏02民终4789-其他争议-胜诉"
"D:\Claude\wyt知识库\02-Areas\判例库\04-寿险\03-其他争议\判例\2025-豫08民终2675-其他争议-败诉.md","除斥期间 撤销权 销售误导 欺诈 保单撤销 行政监管","2025-豫08民终2675-其他争议-败诉"
"D:\Claude\wyt知识库\02-Areas\判例库\04-寿险\04-诉讼时效争议\判例\2021-长沙芙蓉区法院-诉讼时效争议-胜诉.md","诉讼时效 拖延理赔 拒赔通知 时效起算 保险公司懈怠","2021-长沙芙蓉区法院-诉讼时效争议-胜诉"
"D:\Claude\wyt知识库\02-Areas\判例库\04-寿险\04-诉讼时效争议\判例\徐某车辆损失险诉讼时效起算案.md","诉讼时效 起算点 财产保险 车辆损失 损失额确定 口头拒赔","徐某车辆损失险诉讼时效起算案"
"D:\Claude\wyt知识库\02-Areas\判例库\04-寿险\05-受益人争议\判例\2020-京0101民初3773-受益人争议-败诉.md","受益人争议、夫妻离婚、身份关系变化、未指定受益人、遗产继承","2020-京0101民初3773-受益人争议-败诉"
"D:\Claude\wyt知识库\02-Areas\判例库\04-寿险\05-受益人争议\判例\2024-桂0325民初XXXX-遗嘱处置保险金无效-胜诉.md","受益人争议 遗嘱 遗产 保险法第42条 保险金不属于遗产 指定受益人","2024-桂0325民初XXXX-遗嘱处置保险金无效-胜诉"
"D:\Claude\wyt知识库\02-Areas\判例库\04-寿险\05-受益人争议\判例\2024-渝两江法民初XXXX-离婚后受益人身份关系变化-调解.md","受益人争议 离婚 身份关系变化 保险法司法解释三第9条 未指定受益人","2024-渝两江法民初XXXX-离婚后受益人身份关系变化-调解"
"D:\Claude\wyt知识库\02-Areas\判例库\04-寿险\05-受益人争议\判例\2024-皖0403民初XXXX-受益人先于被保险人死亡-胜诉.md","受益人争议 受益人先于被保险人死亡 遗产继承 诚信原则 唯一继承人","2024-皖0403民初XXXX-受益人先于被保险人死亡-胜诉"
"D:\Claude\wyt知识库\02-Areas\判例库\04-寿险\05-受益人争议\判例\全国首例法人寿险受益人案.md","法人受益人 遗嘱变更受益人 终身寿险 保险法第18条 慈善捐赠","全国首例法人寿险受益人案"
"D:\Claude\wyt知识库\02-Areas\判例库\04-寿险\05-受益人争议\判例\共同灾难多重受益人推定案.md","共同灾难 受益人 被保险人 同时死亡 推定死亡顺序 保险法第42条 遗产处理","共同灾难多重受益人推定案"
"D:\Claude\wyt知识库\02-Areas\判例库\04-寿险\05-受益人争议\判例\受益人丧失受益权后遗产处理案.md","丧失受益权 故意杀害 保险法第43条 遗产 继承人丧失继承权","受益人丧失受益权后遗产处理案"
"D:\Claude\wyt知识库\02-Areas\判例库\04-寿险\05-受益人争议\判例\张某指定前妻受益人姓名争议案.md","受益人 姓名 身份关系 离婚 受益人资格 司法解释三第9条","张某指定前妻受益人姓名争议案"
"D:\Claude\wyt知识库\02-Areas\判例库\04-寿险\06-既往症免责争议\判例\2025-新23民终2486-既往症免责争议-二审维持.md","既往症免责争议、借款人意外险、疾病身故保险、提示说明义务、保险金独立性、匿名案件","2025-新23民终2486-既往症免责争议-二审维持"
"D:\Claude\wyt知识库\02-Areas\判例库\04-寿险\07-未如实告知拒赔\判例\2015-四中民商终3-未如实告知拒赔-部分胜诉.md","未如实告知、重大过失、故意、业务员阻碍、通话录音、饮酒史","2015-四中民商终3-未如实告知拒赔-部分胜诉"
"D:\Claude\wyt知识库\02-Areas\判例库\04-寿险\07-未如实告知拒赔\判例\2015-沪一中民六商终605-未如实告知拒赔-胜诉.md","如实告知义务、保险公司核实义务、体检报告、甲状腺结节、重疾险","2015-沪一中民六商终605-未如实告知拒赔-胜诉"
"D:\Claude\wyt知识库\02-Areas\判例库\04-寿险\07-未如实告知拒赔\判例\2025-北京金融法院-未如实告知拒赔-胜诉.md","询问告知主义 电子投保 寿险 精神分裂症 银行APP 可回溯证据 事后声明","2025-北京金融法院-未如实告知拒赔-胜诉"
"D:\Claude\wyt知识库\02-Areas\判例库\07-责任保险\01-格式条款免责争议\判例\2018-鲁1082民终2642号-雇主责任险提示说明义务-胜诉.md","雇主责任险,免责条款,提示说明义务,赔付比例表,事故范围限制","2018-鲁1082民终2642号-雇主责任险提示说明义务-胜诉"
"D:\Claude\wyt知识库\02-Areas\判例库\07-责任保险\01-格式条款免责争议\判例\2025-河南汤阴-格式条款免责争议-胜诉.md","格式条款 免责条款 安全生产责任险 未系安全带 非法转包 矛盾解释","2025-河南汤阴-格式条款免责争议-胜诉"
"D:\Claude\wyt知识库\02-Areas\判例库\07-责任保险\01-格式条款免责争议\判例\2025-湖北黄石中院-格式条款免责争议-胜诉.md","格式条款 特别约定 提示说明义务 外卖骑手 责任保险 误工费","2025-湖北黄石中院-格式条款免责争议-胜诉"
"D:\Claude\wyt知识库\02-Areas\判例库\07-责任保险\01-格式条款免责争议\判例\2025-湖南衡阳石鼓区-格式条款免责争议-胜诉.md","格式条款 免责条款 提示说明义务 雇主责任险 限额条款","2025-湖南衡阳石鼓区-格式条款免责争议-胜诉"
"D:\Claude\wyt知识库\02-Areas\判例库\07-责任保险\02-受益人争议\判例\最高法民再18号-责任保险死亡赔偿金不属于遗产-胜诉.md","受益人争议 责任保险 死亡赔偿金 遗产 最高法再审 近亲属赔偿","最高法民再18号-责任保险死亡赔偿金不属于遗产-胜诉"
"D:\Claude\wyt知识库\02-Areas\判例库\07-责任保险\03-雇主责任险争议\判例\2024-北京朝阳法院-保安京外工作猝死-承保风险未告知-胜诉.md","雇主责任险 承保风险 营业范围 猝死 保安 京外工作","2024-北京朝阳法院-保安京外工作猝死-承保风险未告知-胜诉"
"D:\Claude\wyt知识库\02-Areas\判例库\07-责任保险\03-雇主责任险争议\判例\2024-北京朝阳法院-锅炉工猝死-工伤认定免责条款无效-胜诉.md","雇主责任险 工伤认定 免责条款 猝死 锅炉工","2024-北京朝阳法院-锅炉工猝死-工伤认定免责条款无效-胜诉"
"D:\Claude\wyt知识库\02-Areas\判例库\07-责任保险\03-雇主责任险争议\判例\2024-恩施中院-雇主身份否认-禁反言-胜诉.md","雇主责任险 禁反言 雇主身份 护林员 责任保险","2024-恩施中院-雇主身份否认-禁反言-胜诉"
"D:\Claude\wyt知识库\02-Areas\判例库\07-责任保险\03-雇主责任险争议\判例\2024-沪74民终1371号-超职业类别-施救行为免责-胜诉.md","雇主责任险 职业类别 施救行为 释义说明 投保单 回溯证据","2024-沪74民终1371号-超职业类别-施救行为免责-胜诉"
"D:\Claude\wyt知识库\02-Areas\判例库\07-责任保险\03-雇主责任险争议\判例\2025-山东沂南法院-上班途中交通事故-雇主已实际赔偿-胜诉.md","雇主责任险 工伤认定 上班途中 交通事故 实际赔偿","2025-山东沂南法院-上班途中交通事故-雇主已实际赔偿-胜诉"
"D:\Claude\wyt知识库\02-Areas\判例库\07-责任保险\03-雇主责任险争议\判例\2025-湖北某法院-超龄劳动者上班事故-雇主责任险争议-胜诉.md","雇主责任险 超龄劳动者 工伤认定 免责条款 用工关系 保险责任","2025-湖北某法院-超龄劳动者上班事故-雇主责任险争议-胜诉"
"D:\Claude\wyt知识库\02-Areas\判例库\07-责任保险\03-雇主责任险争议\判例\2025-烟台中院-工伤认定非理赔前提-比例赔付无效-胜诉.md","雇主责任险 工伤认定 比例赔付 免责条款 外卖骑手","2025-烟台中院-工伤认定非理赔前提-比例赔付无效-胜诉"
"D:\Claude\wyt知识库\02-Areas\判例库\07-责任保险\判例\157-2020京0119民初5830号-责任保险理赔不以损失实际发生为前提-胜诉.md","责任保险,损失实际发生,和解协议,赔偿责任,手术费用,公众责任险","157-2020京0119民初5830号-责任保险理赔不以损失实际发生为前提-胜诉"
"D:\Claude\wyt知识库\02-Areas\判例库\07-责任保险\判例\167-2019苏11民终558号-雇主先行赔付保险金请求权范围-部分胜诉.md","保险金请求权转让,雇主先行赔付,损失补偿原则,道德风险,转让范围,建设工程意外险","167-2019苏11民终558号-雇主先行赔付保险金请求权范围-部分胜诉"

